mean,std,min,max,median,skewness,kurtosis,range,depth_proxy,q_0_1,q_0_25,q_0_75,q_0_9,periodogram_peak_frequency,periodogram_peak_power,label
0.001036030111435271,0.9725467576617086,-2.6449132121130554,2.1346412186361547,-0.02472312714350809,-0.22197702596497507,-0.765572381736761,4.77955443074921,2.6201900849695474,-1.2686816584785885,-0.7283224690808549,0.9146732941428569,1.2292616531274199,0.998046875,0.8036865712568159,1
-0.20192687093484674,0.8094705095287932,-3.1389583649992447,1.9391457160994727,-0.2787315704530464,0.16973530341535234,1.0341089383389557,5.078104081098718,2.8602267945461985,-0.9941690127236074,-0.7174725777713369,0.1439088494407197,0.9866471939884414,4.990234375,0.25433204384383623,1
0.009329386588673355,0.937166632522278,-2.1653816663908487,2.0701407550069595,-7.358761177198058e-05,-0.010588810806123132,-1.104597668883196,4.235522421397809,2.1653080787790766,-1.0760574158753735,-0.8136887552713277,0.8379941657369774,1.2183349981960852,1.99609375,0.6611054967954608,1
-0.00515518496689348,0.9273066967062171,-2.1691476009623427,1.9234471554982584,0.012149440006484517,-0.023904134297529953,-1.1497406012724676,4.092594756460601,2.1812970409688273,-1.2166153280854923,-0.8429861966054866,0.7917381382897487,1.232190476306566,58.884765625,0.7339367985027491,0
-0.03404771192575881,0.5782137336176608,-1.7356880581914873,1.5961831142829908,-0.07336862735635674,0.23162769471897185,0.12424442334373831,3.331871172474478,1.6623194308351306,-0.6909104441988514,-0.43919259474559613,0.34336785249285284,0.7140368711334003,0.998046875,0.049029003128693106,1
0.026508849692752856,0.8864791264565021,-2.0333522758118545,1.9594230155184136,0.07799850844005675,-0.043472370544214246,-1.0140597636961945,3.9927752913302683,2.1113507842519113,-1.1307496520293892,-0.7572095638843306,0.7862789486786332,1.191304558123037,0.998046875,0.6065825639364704,1
-0.00021045894788032649,0.921364518639949,-2.7343011683077156,1.6609223190139135,0.06234771689064011,-0.38637225348178156,-0.5244491150939914,4.395223487321629,2.7966488851983557,-1.1738756464334346,-0.7258823517648244,0.8079919918497505,1.1383994661798154,69.86328125,0.6835610387797646,1
0.014314754205190898,0.9707385502171142,-2.0972578164334736,1.9212469972590538,-0.0782411020073186,0.00615746548957236,-1.1546453291833731,4.018504813692528,2.0190167144261553,-1.2278093582418674,-0.7856500853544839,1.0010935334915287,1.3158976578048631,43.9140625,0.6657711985691258,1
0.0060408642595773665,0.7591470808949663,-1.553192780704194,1.831101135808166,-0.02591118137544588,0.09732656324103658,-0.7812263430765087,3.38429391651236,1.5272815993287483,-1.0114898535490893,-0.5863212609928871,0.6051886846720329,1.0330547250383628,125.75390625,0.3316363634309907,0
0.023905254606347428,0.6732165031739213,-1.9095146428168481,2.068411362113384,-0.03861357256367859,0.16588396573908296,-0.2530391193529802,3.9779260049302323,1.8709010702531694,-0.8122859047348922,-0.47505348649882584,0.49452289770008706,0.9128555015972377,236.537109375,0.06799049012320009,1
-0.0006435906276320048,0.816434200049328,-2.0288564747399644,2.254062074298628,-0.0063929962476228655,0.0817659535312708,-0.8138879365638774,4.282918549038593,2.0224634784923414,-1.0328224283924017,-0.663445476129294,0.6206933917394772,1.0987311431293192,125.75390625,0.4594487198723538,1
0.021986753669431494,0.6549408215287515,-2.508937230899026,1.7678874865283616,0.03703922595869216,-0.030601586901833778,0.05047483625340776,4.276824717427388,2.5459764568577183,-0.7750692389226109,-0.4203638919561842,0.43042603746124697,0.8838829129225318,149.70703125,0.14741354822587185,1
-0.053172783256916906,0.48657592415821166,-1.2053695547990924,1.6128285346749984,-0.06303997703286339,0.21423130509418115,-0.07457781969737765,2.818198089474091,1.142329577766229,-0.6887304713292745,-0.40017719571941207,0.3009277036609346,0.5095825897951065,0.998046875,0.04110359352920688,1
0.00939721817746629,0.7869209386104409,-2.132171538454063,1.7230985870846085,0.009558062273002908,-0.07583596956934019,-0.49534007430272897,3.855270125538672,2.141729600727066,-0.9698063228507483,-0.5827451658634785,0.6136732531737269,1.0458372320181666,125.75390625,0.30240476286003426,1
-0.007464075474578058,0.8804574040765105,-2.237547851928217,2.000966416390505,0.006323621731136183,-0.13499581158959154,-0.9896886451365732,4.238514268318722,2.243871473659353,-1.1846755790723749,-0.724684599257553,0.7283510872712807,1.1086420088359517,0.998046875,0.5448354093673845,0
-0.0022802741852029403,0.9769113530706711,-1.835300933718579,1.7895159323694514,0.08575899551473422,-0.030304270313441014,-1.4252125649772238,3.6248168660880307,1.9210599292333133,-1.281913350455568,-0.957616126523354,0.891839825529372,1.2359555631002275,1.99609375,0.8730210047320403,0
0.01015786950874778,0.9587597505706574,-2.1292724753721575,2.0011603257273967,0.09627341626641797,-0.12896274691860093,-1.227102778213677,4.130432801099554,2.2255458916385753,-1.176192920657775,-0.8587029395952928,0.9290567633599616,1.2093553762600548,1.99609375,0.809417531859165,0
0.008774610885245303,0.7329579007367143,-2.1187377146638595,2.0400822781949364,0.014988608185857373,0.058469583719578326,-0.5569031624282199,4.1588199928587954,2.133726322849717,-0.8794548157256594,-0.568493237949691,0.5686407667877045,0.96199277698792,1.99609375,0.20369684743330513,0
-0.05176196763433044,0.8841960507720804,-2.109575595330979,2.0477258161361336,-0.09231245139522698,0.0738599601306112,-0.8537707950128288,4.157301411467113,2.017263143935752,-1.180197457139436,-0.7524760781327978,0.6683925591889053,1.177188328057929,0.998046875,0.5380590196791425,1
-0.014170024510203869,0.7815803896769742,-3.2491631460845602,1.5633918978338155,0.02948110858385109,-0.83971275511036,2.026822026603111,4.812555043918376,3.278644254668411,-0.8645806835712135,-0.5535849891565506,0.5568555125699299,0.9769633530650582,101.80078125,0.12875642992075423,1
0.000431196671920004,0.7537408295067751,-2.0627393843168225,2.034300029331715,0.01670187200313735,-0.06965291252492758,-0.6583927050770746,4.097039413648537,2.07944125631996,-1.0116365266428715,-0.6183999791355557,0.5822560241982014,0.9334439966882538,137.73046875,0.14812185624915372,0
-0.003161760033271368,0.6501180917622644,-1.6896786179496388,1.848022105705166,0.03177070952970691,0.05471445169445319,-0.23517057092702176,3.5377007236548046,1.7214493274793456,-0.889304952127152,-0.46449155290996763,0.37727849442400707,0.8673718345037174,0.998046875,0.04936432024970833,1
0.005807011342547481,0.6779039991577059,-2.592428933749313,1.613535053849571,-0.033719812441682644,-0.14260191739588973,-0.11694807833502852,4.205963987598884,2.5587091213076305,-0.8054881705077015,-0.4837211576588014,0.5220979772030053,0.910024850101833,200.607421875,0.15257194460202714,1
-0.01354326689886634,0.7521027888656462,-3.6314480633609008,1.5136867917270165,0.04928045578023825,-1.1581553554905732,2.9886049544813584,5.1451348550879175,3.680728519141139,-0.8529022132277669,-0.3916211577279973,0.4693859032760026,0.8280572063275248,138.728515625,0.15182822612642596,1
1.0328734136450701,0.48660375480279605,-1.8276412025310975,1.9620239109337587,1.1986707139425572,-3.172852868875453,10.802825966116272,3.7896651134648565,3.026311916473655,0.14966698809852094,1.1986707139425572,1.1986707139425572,1.1986707139425572,0.998046875,0.05136919494529778,0
-0.0031973263920830886,0.9598237974939048,-2.023797596424949,2.096525235891411,-0.1641986300901736,0.21585859222118747,-1.1838580025715806,4.12032283231636,1.8595989663347754,-1.1906289091024822,-0.8122987815273833,0.8314708076830833,1.2926584328836797,1.99609375,0.6456992270086099,1
0.009336845336951269,0.4834525577240896,-1.5534247999221564,1.4906149715332235,-0.03847944129525198,0.2146769581389513,0.5109884735571524,3.04403977145538,1.5149453586269044,-0.5600611994461957,-0.2867862243857399,0.29982760805505226,0.6421475363581298,170.666015625,0.03617171082529583,1
0.009474973572804135,0.713098089352198,-1.6609626130640687,2.1590056200459555,-0.011180268611440258,0.22532211583988146,-0.04910050735033877,3.819968233110024,1.6497823444526285,-0.8978192089430347,-0.5041541663015441,0.4752654358802332,0.936422247407728,145.71484375,0.1894631366868088,1
-0.021079430854255364,0.6098658219682531,-1.7168430282871336,1.7068694407670673,-0.0012241375973822786,-0.0058692904843878945,-0.2885904856847725,3.423712469054201,1.7156188906897514,-0.8493441774566978,-0.4340877359374098,0.39294461617953974,0.7317484802213674,153.69921875,0.04461505069113391,0
-0.4411032098519641,0.3276001018930917,-2.031983439695991,1.56601936760998,-0.5854038677848648,1.9961331721656879,8.225423280674798,3.598002807305971,1.4465795719111263,-0.5854038677848648,-0.5854038677848648,-0.5854038677848648,0.03383619107316012,0.998046875,0.03478010347377266,0
-0.258943790405239,0.8416354476354995,-2.1087543043556765,2.1109101181023098,-0.3147687511857262,0.3952682607455053,-0.5307882336693912,4.219664422457987,1.7939855531699502,-1.3096968054680003,-0.9538191194226723,0.30750217203748165,0.9452673037084968,5.98828125,0.27206808304724084,0
-0.006872862749116471,0.8858913065307742,-3.0872083361376683,1.6723399820589886,0.0043324088651708935,-0.8988038518532757,1.5301460737195667,4.759548318196657,3.091540745002839,-1.0022095256693275,-0.38501669661944027,0.6179234574368613,1.1374886271478757,3.9921875,0.46049859836589385,1
-0.06303956862730069,0.8674892727149843,-2.388299315638854,2.0694398226027975,-0.17193735881262462,0.2643401020530599,-0.049401633145990775,4.457739138241651,2.2163619568262294,-0.9870602863518063,-0.6133037015029253,0.5128203874312245,1.22592462891047,3.9921875,0.33946544636716064,1
0.020017550142063578,0.81416641742029,-2.6786088939490327,2.104978606571255,0.05647421376570946,-0.16869412296360123,-0.6229882142035739,4.783587500520287,2.735083107714742,-1.0305963597443168,-0.684199918901666,0.7021368152173427,1.044614868526045,105.79296875,0.2682857947228644,1
0.00277033739858093,0.6505847395413119,-2.8058144896263943,1.999881863035394,0.021073941027406323,-0.31202548432087257,0.9736581419466703,4.805696352661789,2.8268884306538005,-0.7969298063400087,-0.44275818800372135,0.42656053760621515,0.7865467025125151,1.99609375,0.07698942457614576,1
-0.026399225266259936,0.9655391303787427,-2.83358670763809,2.0048921732635243,-0.07777242308136409,0.06294330294913535,-0.8001628791177584,4.838478880901614,2.7558142845567257,-1.198650139524062,-0.8370053101178228,0.8052638886535222,1.3583955120001057,2.994140625,0.508973963290216,1
0.08601275516370206,0.5883286667628957,-2.203798641398851,2.4953806026825536,-0.015608178427140658,-0.10349488190180034,3.180496774217012,4.699179244081405,2.1881904629717104,-0.5178775965266478,-0.015608178427140658,0.3226127923237217,0.447688009232946,8.982421875,0.08918588573868928,1
0.03952088973269002,0.6550902080023324,-2.2421666999335503,1.7477277956173911,0.030227433243723647,-0.4241065069191056,1.2785522194267172,3.9898944955509412,2.272394133177274,-0.7094850714926885,-0.2933617566316791,0.4169172746539013,0.8028531926400589,84.833984375,0.1687027044148372,1
-0.012733415093311787,0.7151164703826244,-1.7575884062852882,1.7079143670035952,-0.019752522868778082,-0.08617383165829966,-0.49890548520967926,3.4655027732888835,1.7378358834165102,-0.9639678527399379,-0.49665930025718846,0.518497708672616,0.9222342686167448,0.998046875,0.1787172182515695,0
0.00967043144045775,0.8555603476762853,-2.0271324777651007,1.716166189378323,0.024860788482313316,-0.06489300070250838,-1.0144026535206254,3.743298667143424,2.051993266247414,-1.1111866580475624,-0.7266875211306195,0.6930012032002504,1.165456933452714,76.849609375,0.3792729621471122,1
-0.0004969481483072524,0.9838100585572084,-2.0311111440564815,1.9630220449767515,-0.003577509939608537,-0.06381799617116957,-1.2493245066064427,3.9941331890332332,2.027533634116873,-1.2864960263016703,-0.9263418438065824,0.8691231071903167,1.2506064935312817,1.99609375,0.8853975187925646,0
-0.005589399938203357,0.6739522581499604,-1.9623661233951388,1.8027865232625446,-0.03606444039984713,0.07179408579243245,-0.13585689596971395,3.7651526466576835,1.9263016829952917,-0.8393416859709691,-0.472286808231579,0.4713011759158001,0.8473089928673043,184.638671875,0.06678286997922254,1
0.09622499177094343,0.8666912879637629,-3.7024200954607207,1.8889535187219297,0.2753979856576086,-1.276872922836481,3.286414308837516,5.59137361418265,3.9778180811183295,-1.0057801521897,-0.3260488378734766,0.49152974694015994,1.1495770920812451,3.9921875,0.40463042531137594,1
0.01238325637325477,0.8112720192418388,-2.4402470906003573,1.997566411019875,-0.031597699130083194,0.1301415034366056,-0.5616090133430554,4.437813501620232,2.408649391470274,-0.9593366071250745,-0.6315110072920335,0.6494251895141465,1.1264734504692753,0.998046875,0.22960358475261297,1
0.009111393061805986,0.786642705039488,-3.3141458154362047,1.6064876170113898,0.02128131457661448,-0.38620777477510493,0.2976931298626937,4.920633432447595,3.3354271300128193,-0.9576460464528745,-0.5732870880883637,0.6480516945664155,1.0095671677381415,140.724609375,0.30307110902784967,1
-0.05196653564533643,0.5501561958969305,-3.2719269394633446,1.5951450158276645,-0.046501297144579914,-0.580915892492832,3.4867799771587364,4.867071955291009,3.225425642318765,-0.6657160944525097,-0.42273902739570646,0.2829257166695247,0.6680896426742243,30.939453125,0.033433126848765385,1
-0.04274277885097254,0.945239182584421,-2.0365666308657455,2.0649513746822024,-0.263911144659291,0.17793970773435042,-0.8968475961929538,4.101518005547948,1.7726554862064545,-1.30372509818159,-0.6876887535355727,0.7592381846367715,1.2726207844989204,2.994140625,0.5118626964044454,0
0.0069742987317402486,0.7922916501645721,-2.5649043901075026,1.970096181766093,0.058225042829784905,-0.313928270204252,-0.06208854688935972,4.535000571873596,2.6231294329372874,-0.9307591768788835,-0.5773967082687734,0.6443155775965422,0.9674546441627419,125.75390625,0.20825149042899216,1
0.021192009339649313,0.7600441471452942,-3.2846493885374937,1.6199906418467531,0.03096552201751203,-0.3249508244501708,0.04726087410214941,4.904640030384247,3.3156149105550057,-0.9313131889370809,-0.6218278287147317,0.6484527494679841,1.0072744950049903,74.853515625,0.3948296193259135,1
-0.06802609570060714,0.7812547830060736,-2.5583224206025212,1.5757863150252458,-0.13248519534596837,-0.11342740767598956,-0.4782925031613834,4.134108735627767,2.425837225256553,-0.9944247706915573,-0.6332147261284329,0.6086087103485049,0.9722347376332119,0.998046875,0.2598754020195832,1
0.00476753390212846,1.0239476352076247,-3.8901149864587508,1.906678398690246,0.032122296711869204,-0.9157402668445291,1.662156353165689,5.796793385148996,3.92223728317062,-1.1124484794604397,-0.5823110313369193,0.7625317526281995,1.2586274877336292,2.994140625,0.5212954693252518,1
-0.0160857497095874,0.7855635524682463,-3.5891622619584824,1.7493779501764222,0.04117037312488777,-0.8008917620706528,1.4110157754884085,5.338540212134904,3.63033263508337,-0.9010138378147586,-0.4896720266780995,0.5472902966967235,0.9039684776619153,0.998046875,0.1819371047287976,1
-0.023631887971743412,0.772876683307339,-2.2273020134055943,2.3901240050344916,-0.08637126408268386,0.24803052450028143,-0.3705485202846117,4.617426018440086,2.1409307493229104,-0.9684663400340463,-0.5916113812433782,0.5188996290564719,1.050513585700633,121.76171875,0.1324107298307623,1
0.004789492979774792,0.8180531475503978,-1.726807354556422,1.8720516888241427,0.00594294146305157,0.0561667065904399,-1.004075270720304,3.598859043380565,1.7327502960194736,-1.0721759017497703,-0.6829091004232701,0.7099130878570956,1.0255380236106242,125.75390625,0.4464549705047102,0
0.006547053378940591,0.6933535906084499,-2.0473198169801208,1.7154244073095726,-0.007345089371940073,-0.0678790726536054,-0.39146474198538517,3.762744224289693,2.0399747276081808,-0.8712913360063449,-0.4881334828094234,0.4897659608447851,0.9713495677042434,1.99609375,0.11253317914956602,1
0.03949152712059428,0.7604039764982115,-2.0037758021563485,2.299266097258215,-0.009430413772971536,0.3991161465335641,-0.13220050541352757,4.303041899414564,1.994345388383377,-0.8515232678959236,-0.5684632023961051,0.5105994526370863,1.0834205284163128,134.736328125,0.1971643658117684,1
0.02637621167598997,0.9086442598023664,-3.289253701718215,2.1458619551003437,0.09642622554722599,-0.4771762596799255,0.5717126872249176,5.435115656818558,3.385679927265441,-1.106832046573879,-0.5972960697938174,0.6672089868502737,1.1703127369519097,3.9921875,0.44507770796087026,1
0.05663642451886105,0.6455885274677683,-2.2131828268036515,1.636163138740687,0.021907263616023333,0.06572306712039519,-0.33336856632532497,3.8493459655443383,2.235090090419675,-0.717086217262029,-0.4675240721672242,0.5091991419850329,0.9428426003625225,62.876953125,0.12722737247210553,1
-0.0777470373506727,0.8769660999480686,-3.6182415976677897,1.9552397515815543,-0.3101645026010724,-0.34066620326252817,1.1200446091530427,5.573481349249344,3.308077095066717,-1.116237000694492,-0.4825752716444602,0.5702541804867607,1.102430557343989,3.9921875,0.4597326070734341,1
0.017739801889222393,0.9141686375104676,-1.745426961670526,2.09510120705401,-0.042068002599611895,0.16262542923407217,-1.1464313991475035,3.840528168724536,1.7033589590709142,-1.1041424946343656,-0.820245471574407,0.8372713907408447,1.2860488430831727,37.92578125,0.6309414640993823,1
-0.0029220385491969814,0.9253274460186444,-2.0916034596769553,1.7668579216838936,-0.0020597887859381504,-0.028222836199753295,-0.949478575861054,3.858461381360849,2.0895436708910173,-1.3000121172104975,-0.7208889537036123,0.7520895152269824,1.2631080333628006,0.998046875,0.7484016383560118,0
-0.014131702977600179,0.8047350766373508,-3.1907876672786237,1.843382207365487,0.05114505851464818,-0.6213043591764636,0.8499530138861684,5.03416987464411,3.241932725793272,-0.9741702683424972,-0.5533865088849526,0.5827771278630745,0.9546365406830511,39.921875,0.21975796120783453,1
0.0011820703421681136,0.7430660715836022,-1.8028228953217158,2.023718574969099,-0.037273971298812804,0.186432542846586,-0.6420620249570153,3.826541470290815,1.765548924022903,-0.8894410692700487,-0.5782078209268772,0.5736397106756312,1.0403312718229103,123.7578125,0.31388931984649454,1
0.008539171345731159,0.6678489494867768,-1.7070004634171903,1.8941486514481292,0.03783506965795069,0.11033103927834235,-0.10265668425353969,3.6011491148653194,1.744835533075141,-0.8408889324449622,-0.4443558562749954,0.4149746813027827,0.8830254329301576,58.884765625,0.10086972956303811,1
-0.0008961697332167673,0.9508694506977242,-2.790747273673213,1.8716170609728697,0.03776675549312012,-0.30295780620824586,-0.6159087411229098,4.662364334646083,2.828514029166333,-1.214155064287416,-0.7239090444754777,0.7950175819700163,1.1977388188766762,0.998046875,0.67382973175821,1
0.02311441220359048,0.5327892701000231,-1.0611013068189656,1.4337718000184414,0.0031860993575976515,0.2647108888132828,-0.5849947220228096,2.494873106837407,1.0642874061765633,-0.696140660258492,-0.4057458856155737,0.39405882969019895,0.7524640364496307,0.998046875,0.16631590846588298,1
-0.008802391895695968,0.7949471843746428,-1.9218392925008632,1.905238550278601,-0.06629231407862321,0.06565508542701873,-0.9447150657022778,3.827077842779464,1.85554697842224,-0.9884856953197325,-0.6492566503372632,0.666816768975553,1.0871661010578675,0.998046875,0.2084927539647046,1
-0.022462422149136504,1.064481833029053,-3.4765325044592243,1.7722078335310552,0.14845757534514797,-0.8932171348566964,0.8104667184928229,5.248740337990279,3.6249900798043724,-1.2487301675338338,-0.7233098171817641,0.7862603480375377,1.1971484254299234,1.99609375,0.8865698915408379,1
-0.0025331739635033323,0.9802559385801289,-1.7742529835301035,1.9392491551422304,-0.1438320829282254,0.11626500938263955,-1.2851929137797207,3.713502138672334,1.6304209006018782,-1.2544935967971613,-0.9023428728641966,0.871527475964083,1.3616101972611119,0.998046875,0.8465617484753261,1
0.02090125504356874,0.7944259333184512,-1.8518395988732996,1.776649928993741,-0.010063641083569656,0.0886972149988888,-0.8422620218462873,3.628489527867041,1.84177595778973,-1.0650485034594048,-0.6080995274594356,0.658825107303945,1.0851002703624872,0.998046875,0.3005092577079951,1
0.09466419690802494,0.8859130110596346,-2.0086867440311162,2.493231512727965,0.4806110850106245,-0.19348204582599463,-0.4788555830373191,4.501918256759081,2.4892978290417407,-1.1660917325932239,-0.7581024542533865,0.4806110850106245,1.0829296187073476,3.9921875,0.20435801393057773,1
0.007890977419938432,0.6903655028253733,-1.4838786887773276,2.0130490318814016,-0.01823923774227458,0.08036999114751933,-0.5656318079056977,3.4969277206587295,1.465639451035053,-0.8716047685049977,-0.527261502626572,0.5390419026956201,0.893489632071019,227.5546875,0.11808454247461694,0
-0.0015867906390927798,0.8473919960456671,-1.851455351946573,1.9154059607827962,-0.007088682607524877,0.06168084547389391,-0.7866454157016207,3.766861312729369,1.8443666693390481,-1.1892682624700128,-0.6395325570444006,0.646850598913093,1.1540373165498283,110.783203125,0.43996067833280644,0
0.0025709001334743836,0.7273376311980687,-3.2246398142949606,1.9762007926149245,0.04736822444854103,-0.8900175926006227,2.4222801895739448,5.200840606909885,3.2720080387435018,-0.8021835933000443,-0.3898521075850318,0.4848327057543667,0.8150765782009495,184.638671875,0.17372311815707747,1
0.0378896250014089,0.7852955532741358,-2.8400268424009276,1.576858922584614,0.045409365947599964,-0.37206201127313493,-0.26273854152677334,4.416885764985541,2.8854362083485277,-0.9265020434140951,-0.5358579275282165,0.7176346636705722,1.0124975965121858,121.76171875,0.25894988447526135,1
-0.0025733360565005775,0.6554859574199253,-1.8144597447981778,2.035338836386608,-0.011514456806755412,-0.18401901231927256,-0.11478140993093966,3.8497985811847855,1.8029452879914225,-0.8630180767820892,-0.42152407588850627,0.5006937541958124,0.8107875614771503,239.53125,0.10377941795064491,0
-0.003414597491183294,0.8754672814811635,-2.824599278458999,2.091854171385111,0.035823108573642105,-0.14870185346202847,-0.6822205391541258,4.91645344984411,2.8604223870326413,-1.1480233850903914,-0.6961354961447557,0.7519545854670656,1.1330396408955257,0.998046875,0.3409154152965535,1
-0.536711982796862,0.876175142747435,-2.023905227212378,2.6515761395087,-1.0656409196034418,1.3854440983742522,1.0211755389207724,4.675481366721078,0.9582643076089361,-1.0656409196034418,-1.0656409196034418,-0.11835684139909511,0.8781405563269086,0.998046875,0.22757917283675444,1
-0.022274302487759134,0.7622975016926451,-1.6196623205166187,1.9402155781185213,-0.06474656405000251,0.22544032786074386,-0.6920049944754312,3.55987789863514,1.5549157564666163,-1.0276014435977763,-0.6252276615798467,0.5248652847825699,1.053393128662696,0.998046875,0.173032874963388,1
-0.01042226328456937,0.9218194354375088,-1.956898011403803,1.8189304849930972,-0.0050545677671000235,-0.007114695837760854,-1.105213560835996,3.7758284963969,1.951843443636703,-1.2645363971646841,-0.7603313524129661,0.7416020532145308,1.2591113149761695,48.904296875,0.658191563819445,0
0.001050888500847752,0.9591897674389444,-2.067942073253044,1.7097846225758235,0.03293328684185189,-0.05055365142769417,-1.218648979552298,3.7777266958288678,2.100875360094896,-1.2680571668788192,-0.8584942078373982,0.8479723613216084,1.243357920804961,0.998046875,0.8232389232219455,0
0.03781136654039148,0.7682310254796559,-1.51497290554772,1.7110321331310547,0.0187208252566814,0.04746303178128403,-1.105843001750009,3.2260050386787746,1.5336937308044014,-0.9215549853067182,-0.6278119080046599,0.6996822937316225,1.0704948431041783,42.916015625,0.4926198871768881,1
-0.022343543888316036,0.7318699594656152,-1.7725554913816466,1.9565526054544284,-0.06921490036882916,0.11584720781265255,-0.5276350919456902,3.7291080968360752,1.7033405910128174,-0.9170563561410754,-0.5891036297300708,0.5630007105676982,0.9026177175554722,115.7734375,0.37608210265686876,1
-0.005501127366403565,0.8194292057659383,-2.3663363569668956,2.1172441149081314,0.00167819978787312,-0.07550410953248492,-0.5072352007131995,4.483580471875027,2.3680145567547686,-1.0402468889587049,-0.5916869822686213,0.6006111338403792,1.0588139207462908,105.79296875,0.3621833298688186,0
-0.020254839058736762,0.9829692138648416,-2.3251507024878983,1.9069716375161547,0.03089235447084283,-0.1825778721457886,-1.0973007080072197,4.232122340004053,2.3560430569587414,-1.3540078649609608,-0.8721603535129681,0.8971906452701088,1.2207045215387766,0.998046875,0.8226435044095239,1
-0.015148944584169821,0.9420838820630738,-1.961007178236592,2.3611815763446447,-0.01201073493692996,0.08205114162344834,-0.9982447300847159,4.322188754581237,1.948996443299662,-1.2325735225751775,-0.8067320033845258,0.7289247996880127,1.215643611162984,1.99609375,0.7454980540046746,1
-0.1617937022358624,0.8491703904578215,-1.9881330476635335,2.374299556409152,-0.32547985886680214,0.5556171950180354,-0.35603588621971705,4.362432604072685,1.6626531887967313,-1.1382164188981485,-0.7822665494746297,0.4176717982073928,1.1364767492552819,4.990234375,0.3021937413580651,1
-0.0003320870420939481,1.0503648582148242,-3.7060645579636295,1.7703486016323506,0.03809944447208049,-0.8574031720997513,1.170062920481091,5.47641315959598,3.74416400243571,-1.2506183114781693,-0.6134400141942685,0.8400418967778662,1.260962334121938,1.99609375,0.6075142070980095,1
0.003717865933376474,0.8361979093043831,-3.2212403745714795,1.8184537072253528,0.071261304103981,-0.709713698094986,0.7749834391337727,5.039694081796832,3.2925016786754604,-1.0356362642018953,-0.5421783277954293,0.6855782547162089,0.9935046226564463,133.73828125,0.28964591148034047,1
0.033604795562908456,0.9016637120008564,-1.7359750688496622,2.14582581506907,-0.020845048311916792,0.15562768814183603,-1.1061493064682328,3.881800883918732,1.7151300205377455,-1.1260426392788732,-0.7612294763421263,0.7899096450014026,1.3023623027242808,65.87109375,0.5913550266565224,1
-0.02002965487739196,0.9916863373033532,-1.9059144365944316,2.2545425219424398,-0.16505900380282335,0.24825798861300385,-1.123355663761485,4.160456958536871,1.7408554327916081,-1.24129572533393,-0.8388603969900409,0.8319170441376047,1.351456099643644,1.99609375,0.756371797997583,1
-0.00029642089653153254,0.7739633238944135,-2.014131564988275,2.1020940307840963,-0.022945491162046375,0.13457451784758323,-0.19489054782565773,4.116225595772372,1.9911860738262288,-1.0293942115913381,-0.5163947082722382,0.4808496055773852,1.031141868492262,82.837890625,0.11451852242509662,1
-0.05828746735062498,0.9589309001011197,-1.9133969286305534,1.9461918595268453,-0.17959446013014296,0.20346656619999642,-0.911868433294599,3.8595887881573985,1.7338024685004105,-1.3244327426531526,-0.7854846981366284,0.696280333418305,1.350454124106856,1.99609375,0.3775645747270979,1
-0.00012086143899389667,0.8444494925611199,-1.7537764736167574,1.763047796713978,0.03100656165918069,0.06259427844796389,-1.1191956908508676,3.5168242703307353,1.784783035275938,-1.0818473081226845,-0.7407223767171938,0.7519217815520882,1.1077570583212475,128.748046875,0.21526093400745155,0
0.0420469658426213,0.866985197595923,-1.8379928740141203,2.2457604050211435,-0.02884273535990734,0.1748963960312132,-0.9181726022134478,4.083753279035264,1.8091501386542128,-1.0447321967449132,-0.6589073880518896,0.7350623542009016,1.2552225725752535,0.998046875,0.3766792848720557,1
0.01349074540640588,0.9569483828860383,-2.2349456415608704,1.9801224232307069,0.06677382090827841,-0.017832569798978997,-1.0121019030829117,4.215068064791577,2.3017194624691486,-1.277519501345833,-0.7950560000273146,0.7467396127482341,1.3754310134605083,0.998046875,0.7878733043230124,0
-0.1337804546348429,0.673297267061129,-3.0990908310802907,1.8328484848311244,-0.28691046931162545,-0.1687772587545935,0.5173261723514515,4.931939315911415,2.8121803617686654,-0.6829531475018648,-0.6829531475018648,0.42041401787111166,0.42041401787111166,0.998046875,0.20207184209101123,1
0.07515880651721757,0.5036560864396097,-1.4731790498940882,1.3785924966065628,0.07913713549056728,-0.039298285734081465,-0.17893959238355261,2.8517715465006512,1.5523161853846554,-0.5958156522254581,-0.26922818335189347,0.40022407054228826,0.7224711559869941,103.796875,0.057452673752906316,1
0.030762109270658658,0.7056075216867201,-3.094124766786788,1.905011722325996,0.08114539204083801,-0.9206793577910141,3.5879387336236572,4.999136489112784,3.175270158827626,-0.7785807782005377,-0.16753626085793827,0.08114539204083801,0.9421825379347166,5.98828125,0.15417483000945142,1
-0.0023245266160844824,1.011968339240598,-2.2755682323847077,2.21395686444301,-0.033918768017211796,0.00770102591301827,-1.0245768437537224,4.489525096827718,2.241649464367496,-1.3407816151896599,-0.8791170344442385,0.8869663470902567,1.2777075565672384,2.994140625,0.7424791144091084,1
-0.007864972254762898,0.6831113893819354,-1.7348334635950395,2.0445238216327666,-0.020517354673059127,0.07336608763062434,-0.2643024878577003,3.779357285227806,1.7143161089219805,-0.8818980185972844,-0.4961324749100389,0.48860499984508987,0.8059346712608222,235.5390625,0.09200562514717896,0
-0.006591930503860463,0.668157318364436,-1.8818308269142447,1.776697476803641,-0.0396378723609367,-0.01806024272784783,-0.3502614135112556,3.658528303717886,1.842192954553308,-0.8553443221230184,-0.4797690710247413,0.4891780762354999,0.8257140837029303,203.6015625,0.08243095910142605,0
0.02002485188077456,0.8924408150621522,-2.1027438233492814,1.882788677102526,0.06608032494887575,0.04858298561983678,-1.0786611503184547,3.985532500451807,2.168824148298157,-1.1299862526427382,-0.7581948094104864,0.746810017989462,1.2195365577213828,26.947265625,0.6553448891337033,1
0.04819563718510474,0.7223405201086109,-1.9781140295771342,1.8937768923868294,0.04198983939165182,0.1376420713088984,-0.2959430872966493,3.8718909219639635,2.020103868968786,-0.8657487246974618,-0.4652289068261931,0.502500397273908,1.054971500298783,80.841796875,0.28232610990967927,1
-0.024343705094611742,1.0497981378053416,-3.055746942171054,1.70717184627568,-0.03247824042174874,-0.6900364480423871,0.29922788504464126,4.7629187884467346,3.0232687017493056,-1.1040551995348573,-0.7040684697327573,0.8579086696003199,1.2286791175947003,1.99609375,0.7210110729813375,1
0.0011456014804096804,0.7280857008475159,-2.387619280370498,1.3594094937578844,0.10882633993986084,-0.8946848625111161,0.7127139848539246,3.747028774128382,2.4964456203103587,-1.0101279173342241,-0.4115263779102248,0.5385011650741385,0.7850727185668223,170.666015625,0.22542568805290947,1
0.008150229480860402,0.8174173054619006,-1.653476226685839,1.9337814215541447,0.0006172763956428134,0.03112963758275897,-0.8899549010051118,3.5872576482399836,1.6540935030814818,-1.109242672928896,-0.6083549746032415,0.657324071801507,1.1266252401025718,42.916015625,0.31184027532388126,0
-0.027774637418886264,1.0289806489190634,-3.215516241693283,1.7265084776329551,-0.11977329320754815,-0.3009274377362408,-0.16718225478417903,4.9420247193262385,3.095742948485735,-1.1089788614518856,-0.8177668772785356,0.8637041490684872,1.3484901182120859,1.99609375,0.6862409214184614,1
0.05052402537295918,0.6523226810623589,-1.7040339618004083,2.3689240287371574,0.036548749949539036,0.22256475482118787,0.18907682386725488,4.0729579905375655,1.7405827117499473,-0.7760200653587214,-0.3720132534919101,0.40691128188116255,0.9337089200449962,82.837890625,0.16089008599224888,1
0.03504558044544476,0.9838159365704262,-1.8171261728657546,1.9559303657308553,0.0164241660924911,0.00606731252669573,-1.1704747476212805,3.77305653859661,1.8335503389582457,-1.272818434628797,-0.8442046240807172,0.9329128458434466,1.3158002933252222,0.998046875,0.8379624264617507,1
0.1511572328924367,0.9380005166166768,-2.157804637859335,2.361838268801859,0.29571410034158563,-0.25612781716594196,-0.6590245421379777,4.519642906661194,2.4535187382009207,-1.0790351128897826,-0.6583085705417798,0.8434116369248146,1.306055331327146,3.9921875,0.47416464724544477,1
-0.04170423734560838,0.6567899274229229,-1.9706550902134061,2.4446851710632385,-0.08063765849754043,0.4030051627996263,0.5460469254830933,4.415340261276644,1.8900174317158658,-0.7906698361803318,-0.4933871830930464,0.32012458590301623,0.8196009864544755,59.8828125,0.03733642670094803,1
-0.03483457916648447,0.9354132362896599,-3.285261949307831,1.6931713877126182,-0.01969398212074337,-0.8315070112340046,1.4709410820168909,4.97843333702045,3.2655679671870876,-1.0040448529846335,-0.5216368664380867,0.6335246597532739,1.1843839455514766,2.994140625,0.3697581199326366,1
0.01304901559049887,0.6040887011118283,-2.2816677011205764,1.560997416880705,-0.0018932369212016533,-0.020007986880206576,-0.38830326689261385,3.8426651180012814,2.2797744641993747,-0.7073551559389375,-0.48402090586165075,0.4836571602074188,0.7986312578578874,0.998046875,0.11275708416765319,1
-0.006160315118587292,1.0435457616519375,-3.3014003198807886,1.9004169275123144,0.10770696911354466,-0.6348926259369417,0.28404334724046665,5.2018172473931035,3.4091072889943335,-1.2875200058564826,-0.7326481339151503,0.7935650535575244,1.2557233954207063,1.99609375,0.6015152692882706,1
0.015954052924892825,0.8616819041089366,-2.075505835066281,2.0195890758172403,-0.03011007568955392,0.06055998665782556,-0.903567577391649,4.095094910883521,2.0453957593767274,-1.07763525782459,-0.7021383551531127,0.7438100299137489,1.1784670580828216,0.998046875,0.2484423686375845,1
0.015563730934314478,0.7851077495120539,-1.7255886083613887,2.1164374601096254,-0.00128973805460764,0.12307220590281465,-0.5075927453174791,3.8420260684710144,1.724298870306781,-1.0250505049121537,-0.5872669458889541,0.5670325429371286,1.012870569488367,138.728515625,0.34375855342989364,1
-0.03872460142556013,0.9044066421578876,-2.040739436182154,1.7867693464805494,-0.10767053557802425,0.04865991135343453,-0.6415655000808744,3.8275087826627034,1.9330689006041295,-1.3045562656129348,-0.6142797433873667,0.6386499295982366,1.2450939529141494,3.9921875,0.5844089196243216,0
0.007135874181632473,0.6483935065709336,-1.5197755403674107,2.410489923477069,0.03666624301375371,0.06340881350000424,-0.28346717528566634,3.9302654638444796,1.5564417833811643,-0.880413291808216,-0.4678633791083147,0.47603163031255535,0.8463383068900135,78.845703125,0.07862093553826341,1
0.007127171254986887,0.7091063129245962,-1.486017733538248,1.4538254381766633,0.03833308467317205,-0.05531775108366672,-1.1567107614820065,2.9398431717149114,1.52435081821142,-0.9169376556581926,-0.6312918181509863,0.6260759208716844,0.9240550517425997,127.75,0.18068057823109848,0
-0.0003264667231201168,0.6890195386753599,-2.2643176632578275,1.8878331349716249,0.030031804998587038,-0.35848224535252043,0.817335935768678,4.152150798229452,2.2943494682564145,-0.8057904764904316,-0.39289714821009314,0.4242839424902503,0.8553993129409135,249.51171875,0.10204658665467237,1
-0.02192483411284757,1.0083895428833267,-2.7586551798279637,1.872685765427391,-0.07415026172624217,-0.40638507111415945,-0.18400435560769557,4.631340945255355,2.6845049181017213,-1.1231721723642223,-0.6637826129061053,0.7843722192046391,1.2781552584903406,1.99609375,0.5986013845777737,1
0.008351718446223393,0.7206739070486258,-1.950309585064365,2.215215740265511,0.011792690966737043,0.03492440658475522,-0.4321705699272611,4.165525325329876,1.962102276031102,-0.88550346050551,-0.5050414684708009,0.5032937062420257,0.9754523606347332,133.73828125,0.23753587923303263,0
-0.0005800238616665929,0.862832339771477,-3.153234516672395,2.3057289436684,0.03448187790770427,-0.36898436912781885,0.04043307593298806,5.4589634603407955,3.1877163945800993,-1.08062013787741,-0.5920127197088982,0.6706901023696991,1.1125511045898737,104.794921875,0.4405779834040028,1
-0.01874337795602605,0.6514164089809057,-1.4231876430030004,1.7385284752698844,-0.003705353036105615,0.07392144777149581,-0.3373084556298873,3.161716118272885,1.4194822899668949,-0.8925438055847239,-0.4867210315669019,0.42953806664948874,0.8032413958435981,247.515625,0.04936306479751838,1
0.017284586659761604,0.6148935193958049,-2.128010045780297,1.9160744127551979,-0.000986536151146255,-0.03411920832814933,0.16361493189391796,4.044084458535495,2.1270235096291508,-0.7400629315558344,-0.38344290644221257,0.4673388077143811,0.7738738810827538,138.728515625,0.07808015366189772,1
0.0007512975808575267,0.7775634873982284,-1.679780896173694,1.8292920245616229,-0.001411780439656358,0.034270879163091766,-0.7890652885666043,3.509072920735317,1.6783691157340377,-1.0489833445391132,-0.5712598731136204,0.6162272046870154,1.0185420723360448,160.685546875,0.22693638472054375,1
-0.00016955516075647936,0.8539828680230013,-2.19262500290309,1.878545798578822,-0.05955817678088808,-0.13203329765833038,-0.7882415104209008,4.071170801481912,2.1330668261222017,-1.092629209064727,-0.6377599049729096,0.7199926713100764,1.120174558798136,108.787109375,0.44313980300168326,1
-0.004710028375570014,0.6766176424092273,-1.7660209369050301,1.8849516814299916,-0.04843258976567702,0.13481715884694317,-0.29773483692115565,3.6509726183350217,1.7175883471393532,-0.8496673352484787,-0.47030483554356795,0.5033647541755103,0.842017678829927,202.603515625,0.14403784199969685,0
-0.0028653943121990655,0.6672085230380932,-1.9335027099764506,1.930549030362431,0.026818287782228348,-0.10989618172892206,-0.1028298565906538,3.8640517403388817,1.9603209977586789,-0.880344777037977,-0.45424486972033984,0.42698810173045754,0.8073245667904915,166.673828125,0.08679364013687725,0
0.012115241507282114,0.7524902881961163,-2.359037672041986,1.8575759256896722,-0.04471575203978724,0.07689810307068846,-0.32125980880352856,4.216613597731659,2.3143219200021985,-0.8975447034916172,-0.5375048391106728,0.5145890610922417,1.1125480444909925,154.697265625,0.14570399238620368,1
0.001109574245487464,0.6475901873868223,-1.9252128937648345,1.639255377233554,-0.03651777762836661,0.0324811722612356,0.0359928659438582,3.564468270998389,1.8886951161364678,-0.8234387935706267,-0.39783387274561344,0.3937103492071115,0.8826431830409674,248.513671875,0.05066110819110011,1
0.012164719107943714,0.7400655094828512,-2.3141990471245517,1.9197797926078846,-0.017202491768023645,-0.0191797467318823,-0.4203857190404272,4.233978839732436,2.296996555356528,-0.9370072108207816,-0.5172108891969557,0.5841096874017311,0.9515166508997285,134.736328125,0.1526896949431883,1
-0.0017854399626293163,0.9786034945662981,-3.130602720213215,1.930102650101277,-0.08487147357444025,-0.494731212521663,0.4355043368185041,5.060705370314492,3.0457312466387747,-1.0703174030621805,-0.6312266551806303,0.7309398113784021,1.3047027987881008,2.994140625,0.684158205161462,1
-0.019131558294489447,0.8487165601600868,-2.1695767711169016,1.6680297459821494,-0.03948891856213532,-0.09843525825439202,-0.7711508822249411,3.8376065170990508,2.1300878525547664,-1.1519175247251447,-0.6279205380474576,0.6487244146226381,1.153828443360784,65.87109375,0.41013535191354117,0
-0.011595140968097772,0.943311900415922,-2.089815684750758,1.6589949089052622,-0.006157767013737332,-0.06932474796357345,-1.2252020156490313,3.74881059365602,2.0836579177370207,-1.2059732585371141,-0.8992490016621753,0.8095172824093665,1.1982311559998629,0.998046875,0.7394030761206168,0
-0.01335230689729712,0.7456851663265064,-1.8388065553207098,1.8478523008081587,-0.017086427058892836,-0.008353072421352225,-0.6302425244653254,3.6866588561288687,1.821720128261817,-1.0145453799709365,-0.5231301693476352,0.5363782989203394,1.024074998383663,134.736328125,0.3545279217121688,0
-0.008847346200236618,1.0336801757913339,-2.756837733219532,1.9210933565692743,-0.07722321470233683,-0.07429967233004364,-0.6811352740386036,4.677931089788807,2.6796145185171953,-1.3081553443105876,-0.7841749467888701,0.784833189650274,1.4942142868818709,1.99609375,0.7098080816664321,1
-0.00754777397530465,0.7390557498542755,-1.9299268255747102,2.0159125145046515,-0.04648321784940755,0.15903024492446555,-0.705611074214862,3.9458393400793614,1.8834436077253027,-0.9353706428268189,-0.5932395228580047,0.5886923474741038,0.9982862308159036,0.998046875,0.15599207899861223,1
0.00912944541031038,0.6314433168416846,-1.9499549494998993,2.2971648151988933,0.03638269170832688,-0.03940486739847164,0.23956620402954965,4.247119764698793,1.9863376412082263,-0.8020815549164131,-0.41039211075385956,0.3927158101567764,0.8035624600589851,208.591796875,0.12355007189736147,1
-0.002090966850186768,0.8988097391336345,-1.8899801671407952,1.9216457429508094,0.03758021586507412,-0.009495791429567973,-1.082653842875564,3.8116259100916046,1.9275603830058694,-1.2637933978960751,-0.755827182928233,0.7046596317037632,1.1809504184881532,70.861328125,0.5214057368437309,1
0.037815366794501655,0.7924134036316187,-1.9409496436192881,1.687714166152431,0.007161321493394142,-0.029422761073575155,-0.8351220926311065,3.6286638097717194,1.9481109651126822,-0.9896988395316912,-0.5834151035363347,0.6688868904051916,1.089222261775621,107.7890625,0.42784615579535024,1
0.017325265069104017,0.9265940615759249,-2.0715570204518343,2.2842620011574133,0.007696337732930742,0.051028842745774496,-1.078121382377787,4.355819021609248,2.079253358184765,-1.2152161815494167,-0.7695647093371502,0.8117477881846283,1.2749715360061702,4.990234375,0.4367258392153606,1
0.004731726665466229,0.9009681129543249,-2.7207096194356,1.685405980148673,0.04877976404200879,-0.4111831896331594,-0.6036599150567987,4.406115599584273,2.769489383477609,-1.2539441717299515,-0.6871877004645071,0.8186779350606206,1.0959130465819746,0.998046875,0.5823932523951739,1
0.04028834252833166,0.7310787276960355,-2.9027455888939317,2.032725832657782,0.056497022205422125,-0.9024120430892116,2.8899714219474513,4.935471421551714,2.959242611099354,-0.885507875450018,0.02388354405552369,0.15457155675886214,0.9343666873097023,5.98828125,0.19405995747404514,1
0.005841171335905882,0.8838330292533604,-1.831908894478985,2.2249528646063608,0.023098874402400528,0.0453431979553529,-0.9175963551586257,4.056861759085345,1.8550077688813855,-1.1653781105603243,-0.7105714469577553,0.6727967430961541,1.223900344375495,80.841796875,0.5464612564517147,0
-0.00017854551678161967,0.8495104747944464,-3.537639689705759,1.6506165379852031,0.046857812085192886,-0.6839210719385661,1.0549852642398587,5.188256227690962,3.584497501790952,-0.9999659723951431,-0.524734828959289,0.637806922622928,1.0487265309331832,135.734375,0.2062762204853588,1
0.0363515341062908,0.8610600413810298,-2.0237404816742166,2.1643744017909072,0.04520472610871612,-0.007912757830032473,-0.836324297891645,4.188114883465124,2.068945207782933,-1.060262409983295,-0.6744665518829489,0.7423146132087304,1.16292807574309,70.861328125,0.5497772222774634,1
0.006241546109380408,0.7011137109763675,-1.6607023690561478,1.9078344243422878,0.012000334495084973,0.03783690988393004,-0.22601695792172993,3.5685367933984358,1.6727027035512327,-0.9115942331484556,-0.4583352579598489,0.46621431934618773,0.9463371351501272,165.67578125,0.3021976611676576,0
-0.02179525026142498,0.9225121248247969,-1.90560200389915,1.7780835853574763,-0.2483362492372408,0.13324962598150067,-1.241769201277295,3.6836855892566263,1.6572657546619092,-1.1653235159675794,-0.7701079858998121,0.8352023701689376,1.2714058385507183,0.998046875,0.6613758198062201,1
-0.03620589627739483,0.5859354686470596,-1.4269755911431665,1.6497471436956404,-0.0534827865642573,0.1414717333978611,-0.4413171701530145,3.076722734838807,1.3734928045789092,-0.7954588050112262,-0.47359904557508886,0.36792966828640594,0.7420761782260373,0.998046875,0.05173371876243224,1
-0.022353799758931422,0.6922143332208125,-1.977684985493226,1.5630364142612223,0.03060486561664385,-0.2065556176173119,-0.4105851255925481,3.540721399754448,2.0082898511098697,-0.9647581963709053,-0.5364665982062137,0.5107466815492588,0.80735583184679,127.75,0.06895418882900667,1
-0.004468342854882193,0.8156705114813295,-2.2028319905008993,1.9065805095199662,0.016222406528943703,0.04718784129985999,-0.7372899395886554,4.1094125000208654,2.219054397029843,-1.0600882768863915,-0.6509602621885544,0.5937146371034516,1.0958244817970288,138.728515625,0.2866073436246873,1
-0.00490092943397577,0.6442330225553449,-1.6898120964436358,2.1342347654297873,-0.021642418169565684,0.2990896129261676,0.04856202341842364,3.8240468618734234,1.6681696782740703,-0.8037442012314071,-0.4676266689984937,0.40750267319300215,0.8515265983843131,247.515625,0.06086606072523264,1
0.05157828711641227,0.8715950887292786,-1.7388470040221176,1.7114703935597908,0.09927010413497772,-0.12162429298090673,-1.1826946566182739,3.4503173975819084,1.8381171081570953,-1.1571434374453036,-0.6620099631171072,0.8107380024704309,1.1461633006557126,110.783203125,0.2829479655443321,1
-0.010614102691472782,0.7443411491593493,-3.120830984198826,1.649838869169185,-0.02011267927741541,-0.8256864415339742,1.628221948815832,4.770669853368011,3.100718304921411,-0.8368092007156203,-0.41028093747104777,0.5607740791562212,0.870784216650197,0.998046875,0.1271627284167398,1
-0.11973273058038979,0.9487675429477848,-3.1716665462696647,1.8327412508821137,-0.2802800181006837,-0.39085187732651777,0.39011995646422415,5.004407797151778,2.8913865281689812,-0.9133680109836892,-0.721173044287484,0.6407111753477606,1.1663400951839538,3.9921875,0.34938204412644575,1
0.017119232300180767,0.8301281516854729,-3.2377772613464195,1.583700945936138,0.02568838157285573,-0.5858036846992409,0.458472954172521,4.821478207282557,3.263465642919275,-0.960985871886799,-0.5933224086434776,0.741504268132215,1.0211122292427617,70.861328125,0.43132702195759676,1
-0.00043553057187775863,0.7910256050836122,-2.260363107989361,1.627372166307656,0.029289930200375718,-0.05642867304933983,-0.935762354891684,3.887735274297017,2.2896530381897366,-1.0308144395109387,-0.6758571747619833,0.678597486440182,1.0030620657500895,125.75390625,0.42017657997734903,1
0.013174048329255235,0.698753684709483,-1.8150297741117531,1.7563783192892033,-0.006267544537570842,0.02269915361409082,-0.615272966868345,3.571408093400956,1.8087622295741823,-0.9025204923827036,-0.5185860640388127,0.5724806203164193,0.9500737318432905,1.99609375,0.09375670054283523,1
0.011503772870709195,1.0121952543009318,-3.2249887905255887,1.7407552537140294,0.08749730698525945,-0.37562644707596804,-0.19867766348572546,4.965744044239618,3.312486097510848,-1.1543887316474277,-0.774339802874038,0.8720268938529369,1.3117574214320509,2.994140625,0.6445471223249039,1
-0.2223539590941678,0.672300250437672,-2.5969188850127085,2.0469952007703216,-0.3137476179740537,0.6065542369070005,1.45843580335647,4.64391408578303,2.2831712670386546,-0.830257738199964,-0.6439979031456322,0.03827827387652147,0.7568749804699785,7.984375,0.11442886669712518,1
-0.017399181726432126,0.6627013130351258,-1.948485863151474,2.2085260693937823,-0.05189428758987793,0.1009762024029889,-0.2652560150449723,4.157011932545256,1.896591575561596,-0.8712212401814614,-0.5147213191646826,0.4578851207078058,0.8234718089650819,240.529296875,0.06281989896792725,0
-0.0020358819379060616,1.0129093456286957,-2.0400657878497626,1.9726441798014027,-0.035916075515177504,0.033590246575284054,-1.0831172140827092,4.0127099676511655,2.004149712334585,-1.3276687578158721,-0.8730019278828011,0.8826598575740373,1.3937607064569262,1.99609375,0.4617271610263386,1
0.005070255754614839,0.9340919787569301,-2.245979137792887,2.1941145535776307,-0.0423528455013763,0.11637099400082383,-0.9887791652027813,4.440093691370517,2.203626292291511,-1.185914821353142,-0.7684406746972148,0.7481696164199888,1.2852852654149125,0.998046875,0.7033866327731316,1
0.0008815105635133144,0.690337291268702,-2.2565609298755693,1.8041897303865169,0.031997559510181364,-0.32125036569242604,-0.004791456159249918,4.060750660262086,2.2885584893857507,-0.8548299190873345,-0.46593423627283975,0.5481944812016174,0.8149438001388,1.99609375,0.1351310240399708,1
-0.28156479230184417,0.3856914214955003,-2.709418357539652,1.6911808427458808,-0.3713062230805354,1.1147520596776006,13.156043319415947,4.400599200285533,2.3381121344591165,-0.3713062230805354,-0.3713062230805354,-0.2033863963251578,-0.2033863963251578,24.951171875,0.011914170356487562,1
0.09286837720689964,0.8238268288217216,-2.1837741094462264,1.7386833945287121,0.12808319215393899,-0.2972248195332123,-0.6882188052208882,3.9224575039749388,2.3118573016001656,-1.0807434951342316,-0.5111095509521184,0.7520514529556882,1.1210676046688297,126.751953125,0.2939590144610476,1
0.030162504745360655,0.9097314575797794,-2.436305076608682,2.3401606273003157,0.10199830126373588,-0.033538086996085584,-0.41369292170843064,4.776465703908998,2.5383033778724178,-1.1698865827129883,-0.643797762514744,0.6351831193844046,1.3175219669615337,3.9921875,0.3326017820567401,1
0.0484675809711789,0.875013342633928,-2.257998658458785,1.9706433078831649,-0.06066180615821551,0.06513767443350821,-0.8345984755634182,4.22864196634195,2.1973368523005696,-0.977352712884608,-0.6480051351221298,0.8062616135375695,1.1765406189328806,1.99609375,0.30510122415653906,1
-0.15276973290786441,0.7771154116468759,-2.2094934127797003,1.9818160501176,-0.20937644960768523,0.3248517180466673,0.07597061279706452,4.1913094628973,2.0001169631720153,-1.1038730878290277,-0.6807567588142093,0.3080208717559927,0.8879043205509737,4.990234375,0.22019408868581958,1
0.023721469059371364,0.8809217201627944,-3.4054551386329703,1.9715192267994894,0.08777467502117398,-0.5671134976040852,0.9507595866934331,5.37697436543246,3.4932298136541444,-1.018895259178263,-0.5758802707220487,0.6183421603397004,1.1639284702016768,3.9921875,0.47766012692615456,1
-0.05735660136307453,0.9558630849269635,-2.800005654804068,1.8561784227010238,-0.30047918973674065,0.13416632044757415,-1.0067044715592806,4.656184077505092,2.4995264650673272,-1.0971784161677907,-0.8586291591121216,0.7681527344671675,1.3104099848144668,3.9921875,0.6669390905410503,1
-0.04642076065610817,0.9726043479602503,-3.203067875336372,1.7834115347647872,0.07095688226639586,-0.5204008375131958,-0.1738110195575091,4.986479410101159,3.274024757602768,-1.299026812692296,-0.7846185436668818,0.7683047105008192,1.1550105520213514,97.80859375,0.4246926611391448,1
-0.15926246846075634,0.8635843748170986,-2.1369106093516517,2.1030504371552956,-0.23548465969042193,0.3636866308988304,-0.45135403168224686,4.239961046506947,1.9014259496612298,-1.2038660084975776,-0.8523300956492729,0.38496119412515206,1.086620926655955,4.990234375,0.35426257550978135,1
0.044984727377839734,0.9765108162166256,-2.2772005713520738,2.062221236297395,-0.15478247317043373,0.27569826226261734,-1.1130093001041943,4.339421807649469,2.12241809818164,-1.0944675515976612,-0.7511952469859453,1.03372392054542,1.4617022383716143,1.99609375,0.7082280465673235,1
0.0263390937723375,0.6971742048573081,-2.6624945150159256,1.811461996811582,0.049369595665726115,-0.18619486724177214,-0.33362866004689007,4.473956511827508,2.7118641106816517,-0.8611264309274327,-0.5064017595438365,0.5867198443129158,0.9194675124699386,0.998046875,0.14656254930241408,1
0.024033236007880432,0.9639476884069604,-2.0503564560462846,2.057413769925907,0.0682400939105883,-0.010504596969541771,-1.1478032933880196,4.1077702259721915,2.118596549956873,-1.2416663894727464,-0.8194196734632955,0.8333657120539888,1.3232355533660467,0.998046875,0.8107062386107116,0
-0.02268347076545295,0.8786882664903934,-2.5738073910634363,2.2679541547063473,-0.04277824306572143,-0.11485082589625555,-0.6929368649225851,4.841761545769783,2.5310291479977147,-1.1273956389270938,-0.6953831797059697,0.7213279794537364,1.1165218534504817,75.8515625,0.520893662941389,1
0.005761593184685845,0.6879507430719889,-1.8556243328722577,1.696296067060109,-0.019477088505654112,-0.007956468669244885,-0.6898445641228128,3.5519203999323667,1.8361472443666036,-0.8646742809703377,-0.543448797095237,0.5411660268557116,0.8650390034179869,199.609375,0.061616089925584136,0
-0.04584973007126777,0.61255290204948,-2.2237766059156385,1.8272171706658693,-0.010347491328451202,-0.3023303805727767,0.32248707525985676,4.050993776581508,2.2134291145871874,-0.8808552730350042,-0.4368463039079032,0.3640460476348819,0.6947465191167314,78.845703125,0.041768215781822764,1
0.0018053282344433503,0.9074145142167683,-2.0910835473444416,1.772420210082731,0.0923309704521986,-0.0848366084810887,-1.121055735203239,3.8635037574271727,2.18341451779664,-1.196905343633315,-0.7856400135286341,0.8357749216147029,1.1952203655609885,72.857421875,0.653549133684487,1
0.017225559770747478,0.9714996780723166,-2.4639476108693166,1.8323686372283527,-0.018020532753956233,0.015012901228157616,-1.198159661832423,4.2963162480976695,2.44592707811536,-1.2362362333825632,-0.869963164877531,0.9827916164354784,1.3493658988578514,1.99609375,0.790003247594275,1
-0.009540293990445037,0.9031976321231306,-1.527634540708667,1.9756049889925367,-0.030927947693605497,0.3012986580837993,-1.0746026387940355,3.5032395297012036,1.4967065930150616,-1.102196972215439,-0.8254577606390343,0.7199102221477879,1.2813159573070043,0.998046875,0.5272358136804519,1
-0.02132020945510195,0.5060310063520641,-3.4879826744035594,1.8785655116666404,-0.05989345258522058,-1.1511840681856418,10.107333513297059,5.3665481860702,3.4280892218183387,-0.2352459876160002,-0.05989345258522058,0.03640194507424967,0.4117513764554619,11.9765625,0.05113018345435245,1
-0.096880630767672,0.43947194996126565,-2.7817405540487803,1.692183641865944,-0.10739311576550858,-0.4612410644986019,9.426240244457121,4.473924195914725,2.674347438283272,-0.42586008568486344,-0.30805649421520387,0.09327026268418671,0.20945233190374773,0.998046875,0.028044871755581225,1
0.005869422464225367,0.9285287116749092,-1.8733121901622285,2.197147839380152,0.007968450083705404,0.0468569015735636,-1.1163299570462737,4.07046002954238,1.8812806402459339,-1.2342615204427796,-0.835075277458542,0.8170639458417956,1.220588704795134,48.904296875,0.7175024225720589,0
0.012310135639810635,1.0104079209219075,-1.889578323485533,2.212301584412102,-0.06335656210131894,0.12986492433067798,-0.9944672459900326,4.101879907897635,1.826221761384214,-1.3062902847909945,-0.8731314660872367,0.8004757551150272,1.4089087527500583,2.994140625,0.4683563703288051,1
-0.1153212791716068,0.7790246218935477,-3.211795073718955,2.1118394092981476,-0.18279599089325876,-0.16951253446369882,1.3763186580881124,5.323634483017102,3.0289990828256963,-0.9672053497327426,-0.4992202928656215,0.29538048340388307,0.9914401548507363,4.990234375,0.2791609057152458,1
0.04071891296040134,0.8116256851170188,-1.616751681662403,2.2313542276128966,-0.05361157872386848,0.38080556144036654,-0.6973328624216752,3.8481059092753,1.5631401029385346,-0.9622913139273023,-0.6305972065035964,0.6608743537129032,1.1713141130409914,99.8046875,0.4229013110371367,1
0.010922745333541938,0.7570672616947286,-2.469855066954704,1.666062447093205,0.026656069565019598,-0.21878603921683146,-0.31462292243048795,4.135917514047909,2.4965111365197235,-0.9826547069766466,-0.505474471194236,0.6080905833575457,0.9593011621940883,121.76171875,0.3564488136053025,1
-0.02015802122803298,0.9477476184512341,-2.0395965208790177,2.189473207553232,-0.2155977609195181,0.18293822023275816,-1.106266079088452,4.22906972843225,1.8239987599594996,-1.1381501980201423,-0.8232891417152993,0.7881724037276424,1.2909530541483212,1.99609375,0.6590181899857671,1
0.005345530968168356,0.7946639276731029,-2.025397901794927,1.8924762096317556,-0.04166985810494522,0.08512963512836175,-0.6967305432924125,3.9178741114266824,1.9837280436899818,-0.9927857488133368,-0.6356710388970986,0.5817323531759429,1.1077967552861483,109.78515625,0.39724619000274675,1
-0.003637676638703423,0.7073176672929642,-2.1958639252270347,1.553529238213348,0.04421495309323091,-0.2713489216971222,-0.4069066461910471,3.7493931634403825,2.2400788783202654,-1.001649061269191,-0.5004958214302878,0.5301292466768677,0.9338311984295418,201.60546875,0.2033310800239049,1
0.0405545346891322,0.8374796369806415,-1.9200474567267896,2.1681783057272543,-0.01424744627715901,0.16111902795828234,-0.8455895465238354,4.088225762454044,1.9058000104496307,-0.9811265901108034,-0.6536524382948086,0.7032936045156597,1.195043724805514,0.998046875,0.44131925652127674,1
-0.01363333868064373,0.9048773120006146,-2.805812949228455,2.084367155790756,-0.0776459377497445,-0.06862616943211583,-0.46303618841369154,4.890180105019211,2.7281670114787104,-1.0604421590412358,-0.6870599821134613,0.7190808731464167,1.2020502973652614,0.998046875,0.3950776088356626,1
-0.00022399722604135586,0.9494495978764287,-1.790124018961925,1.7943483566155878,-0.09832132004336737,0.11215516473621485,-1.2415224066843813,3.584472375577513,1.6918026989185575,-1.2188454140723133,-0.8204679044543589,0.8994058034950854,1.3047028415115056,1.99609375,0.7821845433819133,0
-0.029339006272152815,0.9474065258463298,-1.9843000311576195,2.273972723385231,-0.27376171638315977,0.14065756918554886,-0.8505342068296189,4.25827275454285,1.7105383147744597,-1.2630328065455798,-0.6690615900198449,0.8149924149171269,1.2452468075203045,2.994140625,0.44454984154145316,1
0.003013330287196442,0.8515459110477227,-2.2535331495613313,2.029249864631877,-0.06479291618157057,0.05700868525521714,-0.7938821518642625,4.282783014193209,2.188740233379761,-1.0627181290356464,-0.680661099289181,0.6838647144792467,1.1225914181276142,115.7734375,0.403474645597815,1
-0.04006980278464067,0.5629969939515025,-2.36359260025294,2.0601954495073276,0.019864649106705393,-0.16915296885750014,0.6381711345314303,4.423788049760267,2.3834572493596453,-0.7308234270396813,-0.43812377966915844,0.3462792907861072,0.6216369367606185,0.998046875,0.0693451261250671,1
-0.03198758592498571,0.8432035725918395,-2.0916124353113057,2.0224653856198547,0.040623645738495244,-0.14932129679253786,-0.7976327198340889,4.11407782093116,2.132236081049801,-1.234822136816421,-0.6712600333451733,0.6315600096845073,1.0057843541863383,77.84765625,0.35956023857633274,1
-0.004341432594599348,0.9288993630224962,-2.748774862438171,1.6639490512356738,0.07715036206505493,-0.17813701537754312,-0.9851672883617724,4.412723913673845,2.825925224503226,-1.2003344176726607,-0.8140455846466486,0.7945814427250041,1.1701923545530386,0.998046875,0.6213767546633664,1
-0.008979215986485567,0.6293981148298823,-1.8582690121613037,1.6754214395640044,-0.015591408355900449,-0.06071004411382503,-0.17429221317414534,3.533690451725308,1.8426776038054031,-0.8327226948527445,-0.44117131425334977,0.4317974329842081,0.8217285175721215,222.564453125,0.06497391394064161,1
-0.0023905485771501256,0.791108159574482,-1.8504362259770077,1.8176371864612524,0.0071711090247218645,-0.00699819295818062,-0.9202325065322854,3.66807341243826,1.8576073350017297,-1.0313615265082066,-0.6479420944134717,0.6447977452268039,1.0407956377502576,119.765625,0.2695254571366794,0
-0.008051431833195621,0.8163738653013832,-1.8497942720141725,1.78269300373507,-0.0358557541788834,0.08147931772687247,-0.8931373943395844,3.6324872757492424,1.8139385178352891,-1.080948722791848,-0.6665964796154836,0.594784445978213,1.1317076704560742,101.80078125,0.4087717415660255,1
0.07167436223006027,0.8175586187988292,-1.7890421171133344,2.079224988651146,0.06405494724188618,0.1757204547596197,-0.7725464380706946,3.86826710576448,1.8530970643552205,-0.9714132169895521,-0.6089461119868342,0.695557455399979,1.1930512708207854,0.998046875,0.31267886905802345,1
-0.005086078670846983,0.962656610955657,-1.8834497014107656,2.2208868225649736,-0.022582973900974513,0.10950650677215433,-1.1399324061053548,4.104336523975739,1.8608667275097912,-1.2322912378235695,-0.8346419376433203,0.8158803239287942,1.3777157486359037,1.99609375,0.6261487737904097,1
-0.00835925826950032,0.8551325889286362,-2.0391368903063674,1.6463083216510075,-0.05140230038554905,-0.06299569921435057,-0.9802570975617044,3.685445211957375,1.9877345899208183,-1.1087507292366683,-0.6932295830340955,0.7032433440006354,1.1422146131944282,0.998046875,0.44378380894154273,0
-0.0024076569677640575,1.0099985097784367,-2.169954199415532,1.975444798524932,-0.09815681824998751,0.03792266048222881,-1.1333312178352544,4.145398997940464,2.071797381165544,-1.350153427312452,-0.8491222940273511,0.9227303736579886,1.3714328381695695,1.99609375,0.45681714431535364,1
0.012536883743055366,0.8056335280493544,-3.2488726250570563,1.6939951535699378,0.0008373429960415412,-0.4510284124275113,0.41232638209271677,4.942867778626994,3.249709968053098,-1.0475679324085734,-0.5180139726470467,0.6413269636627799,1.044368336327315,110.783203125,0.2984457322388512,1
0.00020362399472503845,0.9047900321121798,-2.060346862852654,1.9682129728739597,-0.1226473268891963,0.11824654501340161,-1.098039246098457,4.028559835726614,1.9376995359634575,-1.127995480934016,-0.7886540392248192,0.8890898213256041,1.1892750238634375,0.998046875,0.5525634334903755,1
-0.0031622145629614795,0.897602215041487,-2.18440342972347,2.055322173889887,-0.05789374076736511,0.04521549248307604,-0.9180834809346239,4.239725603613357,2.1265096889561046,-1.165302441589993,-0.7312936113833478,0.6934070808338022,1.2726785247589303,67.8671875,0.6192876867165028,1
0.0006735561640554694,0.6321549484294108,-1.747124768256802,1.9189047805984767,0.01994978076912856,-0.033553671626679854,-0.20203208952483953,3.6660295488552785,1.7670745490259305,-0.8576747839538954,-0.42161896865103954,0.41360144052155434,0.83415539652083,149.70703125,0.04715066861908707,1
-0.004532195726605973,0.8185449011512245,-1.961329406287688,1.745931155979261,0.010981357736335642,-0.04736404466190649,-1.093929814034392,3.707260562266949,1.9723107640240236,-1.1257519044321012,-0.6950842441584104,0.7382567488259539,1.0591265511472998,135.734375,0.3936836272302317,0
0.08481894600581233,0.36166585034351995,-1.7373966321751908,1.8666668336875891,0.12254695084724344,-0.6201008162651803,11.958296520143342,3.60406346586278,1.8599435830224342,0.057516126517925675,0.057516126517925675,0.12254695084724344,0.12254695084724344,21.95703125,0.014261796432280292,1
0.012470301037850365,0.5183948195642097,-1.614635129640693,2.0235812752390165,0.007034640035658415,0.08334325738320428,0.3702689393819427,3.638216404879709,1.6216697696763513,-0.6673153524932722,-0.32660937685833996,0.3749277327182024,0.656244416478369,66.869140625,0.05844689896567977,0
-0.019624720963261524,0.6958705048476028,-1.9566695710387612,2.1407170737702534,-0.055899812320662205,-0.001965921537623912,-0.10297819464070113,4.097386644809014,1.900769758718099,-0.8766842904023884,-0.4823329368407542,0.488334061045295,0.8963354456915682,182.642578125,0.07689905724433417,1
0.02218297573413014,0.9138104581594316,-2.6300838970742024,1.8436624633698886,0.058194632022645645,-0.026836432189113406,-0.9920248451756066,4.473746360444091,2.688278529096848,-1.1625627022941456,-0.7784145464748913,0.8195231221105866,1.2287318035901684,0.998046875,0.6365306037495031,1
-0.031020165923913157,0.9543059939953908,-2.5259774145476874,1.780293406185624,0.013039048559427857,-0.04836812931763375,-1.1088300078214364,4.306270820733311,2.5390164631071155,-1.2656017424642818,-0.8882607482133431,0.8153315229179133,1.205695623556922,0.998046875,0.6119132700083135,1
-0.02496143087077335,0.9649284680153549,-1.8897914407784944,2.456895989305878,-0.21227410779186556,0.21932588868763422,-0.9545282096204808,4.346687430084373,1.6775173329866289,-1.149347024100567,-0.8169142257470712,0.799208988141946,1.2606563836372082,1.99609375,0.7667640146011323,1
-0.04913793766020999,0.8024061331519776,-1.7996590993757675,2.0647963275390917,-0.14110503356589765,0.22622455900501104,-0.4069023104241807,3.8644554269148594,1.6585540658098699,-1.1100389218158953,-0.6123254799194907,0.5370571239888783,1.061296114040072,113.77734375,0.2835564372190215,1
-0.046063311343598465,0.8725210284591103,-2.8376776551045704,2.261984306572841,-0.016609150048804124,-0.2818059802478692,0.2104977434559845,5.099661961677411,2.8210685050557665,-1.2065736005759082,-0.5830007837679214,0.5113842767246889,1.102760655216955,135.734375,0.16377122953304443,1
-0.003365800514467804,0.8385348996880819,-1.7082638054608892,2.043621262459369,-0.020082896506092334,0.04790037743148601,-1.0544300827195285,3.751885067920258,1.6881809089547968,-1.1173611040208218,-0.7290096200679741,0.7174971100932614,1.0881577262589648,0.998046875,0.38277024470821813,1
-0.0254365945014611,1.0351543684349231,-3.0086820666102927,1.7490953361913013,0.14040787863734555,-0.7890676694934216,0.30057977654307066,4.757777402801594,3.1490899452476384,-1.2224070502197208,-0.6355476682807073,0.8186779518786814,1.1690655589339376,1.99609375,0.7512719507420657,1
0.0014345365898625825,0.830875846206711,-1.7618818648474235,1.7663764353994111,-0.050760748100345435,-0.01472377563486035,-0.9882420315872671,3.5282583002468346,1.7111211167470781,-1.0702289901070694,-0.6676371784965437,0.6913441416554766,1.0985843565553028,126.751953125,0.3809310000533511,1
0.013537887489118262,0.9385926024213295,-1.786232314869663,1.826266104528373,0.07747034699636882,-0.12556259001042974,-1.2593739729078208,3.612498419398036,1.863702661866032,-1.2985493294528725,-0.8162738975443029,0.8634721615488765,1.1903141221494478,33.93359375,0.7176724950188671,0
0.004407659799949115,0.8949322270528917,-2.3977477136243337,1.8070426880042683,0.10184076328117035,-0.22115703530304825,-0.9392155843252596,4.2047904016286015,2.499588476905504,-1.2111677229873208,-0.7586475318186425,0.7675635799183694,1.1172072154643347,0.998046875,0.5158087902989511,1
0.01502837585928652,0.656935140960795,-1.7367275518787209,1.854312127563337,-0.008752115871945736,0.11778307642897433,-0.2779174120834482,3.5910396794420576,1.7279754360067752,-0.8519406165312328,-0.40297872272584323,0.43916225387624647,0.9640576984786782,136.732421875,0.14354511216714044,1
-0.021769026216775456,0.9518970845816513,-1.8058909347590644,2.031918304501672,-0.06878091863825704,0.10903122285377119,-1.1702635500649072,3.8378092392607366,1.7371100161208073,-1.277677157339566,-0.8369799136628676,0.8407348419776257,1.3051128544946657,0.998046875,0.723496080207223,1
0.015410835498465461,0.9102986818029973,-1.9789140008817,2.014219658518733,0.007446869499080315,0.007028298190119409,-1.0418815582968424,3.993133659400433,1.9863608703807805,-1.1357072056369548,-0.7818478842653223,0.8021120927533916,1.2033058562963668,1.99609375,0.643153219850955,1
0.07719372904814162,0.7600338725386125,-2.0148057876873593,2.048171623044114,-0.001167693223084514,0.16047546767941243,-0.7178771226731868,4.062977410731474,2.013638094464275,-0.8438267065651612,-0.5198757598175933,0.69987886799894,1.1417704719041082,0.998046875,0.25514286297174743,1
-0.255974614909396,0.6712128599196338,-1.8477211408959218,2.1183879854272365,-0.3607951847575863,1.020398626254396,1.4003756101843514,3.9661091263231585,1.4869259561383354,-0.8967096318806476,-0.6941505192952387,0.001201658236761798,0.7103577601502649,7.984375,0.120554953169302,1
0.0032022271656484552,0.815139085014193,-1.8416398557118305,1.9128962021066733,0.008805919508988872,0.07199542184105305,-0.48385211670132255,3.7545360578185036,1.8504457752208194,-1.1479478077017717,-0.5205237816430608,0.5217503356363429,1.16903622950819,170.666015625,0.2870497793004819,1
-0.001653979668211153,0.49417209857507327,-2.3671210435408048,1.601686046705339,0.013309673857550395,-0.2784294815967173,1.1462238903546478,3.968807090246144,2.380430717398355,-0.5989904693051435,-0.31460430864905237,0.3182891082120346,0.5818312226801018,74.853515625,0.07292994840731548,1
-0.006242326656891062,1.0157424654196199,-3.2963725488134417,1.9181298607162074,-0.0019079861003942545,-0.6918561841441642,0.518748871142046,5.214502409529649,3.2944645627130473,-1.0510653368974412,-0.6569885427435912,0.8369242771974686,1.1821014628580078,2.994140625,0.6651169874182288,1
-0.02420946420076256,0.9254144445412086,-2.5694091153962564,1.857565178036696,-0.012587581365478762,-0.38715640079259156,-0.4555835558352257,4.426974293432952,2.5568215340307776,-1.2133476540705064,-0.6701266337205867,0.7589879430954553,1.148518122907147,0.998046875,0.4154309790917099,1
-0.0017420276334837032,0.6217337804562166,-1.9566067403338347,1.8905437070316986,0.02505803167449058,-0.0185974944744532,-0.23618025413882027,3.847150447365533,1.9816647720083254,-0.804164599294074,-0.4587139266483718,0.4379332806896321,0.7805762353439821,210.587890625,0.07102659695000299,0
-0.08631471938785461,0.8253641461233417,-2.952127181490727,1.8707993951264212,-0.0015572559573095407,-0.8656170358794398,1.403349429207811,4.822926576617148,2.9505699255334172,-1.0314889332359116,-0.5285541708516478,0.42907900806968297,0.8828500930784278,1.99609375,0.12067874469346958,1
0.03562968919403191,0.8137150543998084,-2.442697347849599,1.956106908005301,0.12646230445023166,-0.07584487919404224,-0.7990231650234643,4.3988042558549,2.5691596522998306,-1.0304697705267718,-0.6639811364339658,0.7046435152335734,1.0947249451553267,107.7890625,0.4106149017826836,1
-0.014067452149453596,0.7191580241856455,-1.78565976842463,2.030812852581136,-0.07102743185956087,0.24343248758547756,-0.13569711828760456,3.816472621005766,1.714632336565069,-0.9410616235552014,-0.5189935447904584,0.4879727147392541,0.9189036257240979,69.86328125,0.13152296143634787,1
-0.004505205687816538,0.99548595951017,-3.875375612641125,1.499827491756954,0.04435849373851164,-0.688572593172713,0.46359664188200966,5.375203104398079,3.9197341063796367,-1.2057563865676306,-0.7421985062727594,0.8456508410240795,1.2055694320853583,0.998046875,0.8343839842116886,1
-0.024533823425402237,0.5889196242577307,-2.3949904399208575,1.7966697367652964,-0.04609566617332253,-0.09722354038890811,0.11149461064146049,4.191660176686154,2.348894773747535,-0.7967475781738299,-0.46406072100949103,0.4087929469372331,0.6790160075025446,87.828125,0.04465311488902374,1
-0.0200055505451234,0.945211785655667,-2.008074995369778,1.9902287655603932,-0.14813598022115287,0.13162239810074458,-1.0265648413258381,3.9983037609301713,1.859939015148625,-1.1594509036607905,-0.7997612388340567,0.816290666418723,1.2633036726485263,1.99609375,0.5561527786676251,1
-0.03851557981286559,0.9189106911303185,-1.73415128460535,2.237800689585196,-0.16685637423515257,0.23190810480654844,-0.9116330630342331,3.971951974190546,1.5672949103701974,-1.2247236785929267,-0.7208758990479738,0.7302804165739046,1.2198804221857804,1.99609375,0.46815936433058347,1
0.00915207219981612,0.8475576531853461,-2.040658961584197,2.036378572207962,-0.09040275780566737,0.13424724523508183,-0.9793380594958712,4.077037533792159,1.9502562037785294,-1.079541411558202,-0.6478906642784464,0.7033117043236974,1.1830570524063542,0.998046875,0.18603840483486483,1
-0.04575685227307888,0.8414106155295271,-1.997506199406509,1.7691770473048913,-0.05781972957441212,-0.029436137257167965,-0.7327402502805511,3.7666832467114,1.939686469832097,-1.1476144664758219,-0.6746580165659923,0.6160637923257232,1.0670668163571355,55.890625,0.5535120077672602,1
0.0038122309064080873,0.6736576033173707,-2.1530059099072,1.3680684889832244,0.06027030489372349,-0.7978892487407974,1.043513510436945,3.5210743988904243,2.2132762148009237,-0.847277309232886,-0.3307848948868537,0.4525199949806368,0.7961960341713902,1.99609375,0.09124447531251084,1
0.05029502919933093,0.7063724590555782,-1.8955219670886774,1.9617430113873595,-0.007421826540699875,0.1376013466187108,-0.31029810754248244,3.857264978476037,1.8881001405479776,-0.8230225798870151,-0.4385334161909722,0.5967100273275701,0.9295901499430302,0.998046875,0.11791116488026655,1
-0.01794999746183588,0.8046149077796811,-1.7948419766050798,1.870924516722997,-0.0776329429178935,0.19916540985849449,-0.7710365998444475,3.6657664933280767,1.7172090336871864,-1.010003329384408,-0.6925210792837861,0.5820274723774327,1.1187587195242688,138.728515625,0.2338323977716844,1
0.03843146093680486,0.5942293931427471,-2.1294667587937974,1.965819278915663,0.04705324851794758,-0.22301695579070527,2.0057664722064388,4.09528603770946,2.176520007311745,-0.4711025679029208,-0.2815171023192873,0.3768268578280556,0.5693448132118999,9.98046875,0.07874238032609883,1
-0.02540209037105645,0.8417178080346528,-2.5156452790115926,1.7366802277723468,-0.10405169741455941,0.013634684452708,-0.8045397856623726,4.252325506783939,2.411593581597033,-1.0509369617844393,-0.6767372018371293,0.6800079559067601,1.0729322923105833,0.998046875,0.3954840370385355,1
0.009259851055635183,0.8172058578059139,-2.527021477551007,1.6614242788023097,0.05709638860773533,-0.26601110994872323,-0.4403838097176669,4.188445756353317,2.5841178661587425,-1.0370542399579548,-0.5848931704762245,0.6973966258344131,1.0365401180574638,112.779296875,0.41944543381379795,1
0.021124310656582594,0.8545028973205757,-3.2962030780531912,1.702664876685197,0.041138417664755095,-0.343459585750482,0.09582739859019052,4.9988679547383885,3.337341495717946,-0.993066685936497,-0.6826643957230288,0.7355337212509372,1.1076939289093128,69.86328125,0.47559986811781174,1
0.04977598833958229,0.6766577900159895,-2.924953126152857,1.475456626899851,0.141084242672321,-1.0770526643956988,2.287133177338693,4.400409753052708,3.066037368825178,-0.7143523682547006,-0.29723267663038505,0.4870542087012654,0.816126222266746,131.7421875,0.22034542699293969,1
-0.0989727868741978,0.9284536691225984,-2.885369595278304,2.3636176929170643,-0.4048719926078011,0.26608306604231896,-0.6002192772507606,5.248987288195368,2.4804976026705026,-1.019458166444049,-0.7896521896736296,0.6577881103528145,1.173085385759627,3.9921875,0.33377331383811265,1
0.03219408633993478,0.905386381047514,-2.008214091669107,2.2412678982739185,0.030011382054229038,0.15707791687582226,-0.8172344938204197,4.249481989943026,2.0382254737233363,-1.171911933739665,-0.6855758470970418,0.7022165571277007,1.3375067341307172,78.845703125,0.4043669499859477,1
-0.020703557110108406,0.92839593762852,-1.60753998488959,2.1628643290732317,-0.18435093842939165,0.25075577693708295,-1.1220029676197276,3.7704043139628216,1.4231890464601982,-1.166446771963642,-0.8439162378059734,0.8110866251180944,1.2343763159020653,0.998046875,0.6403401314347669,1
0.011568390601252275,0.7133077733807138,-1.9729143861615444,1.727348093240515,0.017521245450836657,-0.16633532364883707,-0.5013453649550503,3.7002624794020593,1.990435631612381,-0.9254443174269349,-0.5122692372102798,0.5641732292962847,0.8932118446375132,197.61328125,0.09780381584499154,0
-0.01381434753525923,0.8445547714462873,-1.9916603254604015,1.7012843968333036,0.004343124980852613,-0.017708130633183806,-1.012379288079826,3.692944722293705,1.996003450441254,-1.1319641234871802,-0.68468666175165,0.6598357178309328,1.1499982216615285,0.998046875,0.26044144451459855,1
0.028682466642280136,0.8928495828074253,-2.3903726723228806,1.7511686163524527,0.10284489410020725,-0.24316734294372108,-0.6702997068169481,4.1415412886753336,2.493217566423088,-1.2140784844063972,-0.654606162418786,0.7533039558985579,1.187905869163685,1.99609375,0.5451254848243814,1
0.009966998070319193,0.8766993066722426,-2.2807568302972023,2.0184846593319,0.1266855967413479,-0.13459134340216164,-0.9415448575954226,4.299241489629102,2.4074424270385504,-1.1729525812145118,-0.7132421187170939,0.7250863247059076,1.0854763506562242,70.861328125,0.4632143721232793,1
0.020203854896521684,0.7636936600920454,-1.7297676979521537,1.8288071616228594,-0.08700239591594323,0.12298794786867574,-0.7913043898701635,3.558574859575013,1.6427653020362105,-0.9637936737552558,-0.5341316476869996,0.6134327511414345,1.1046751065368259,1.99609375,0.1086727690885708,1
0.0004858333971205775,0.9960995275139186,-2.8370789686931173,2.1357008276694867,0.0776914977314167,-0.3429808316649466,-0.16141598142719182,4.9727797963626035,2.914770466424534,-1.1897846840514106,-0.7246919260230134,0.7597070889042641,1.2980392284058975,2.994140625,0.6779096834251026,1
-0.0024668967908366285,0.8535882884333003,-1.7515866913618372,2.235794327474761,-0.08801664797264719,0.3196816029872858,-0.6334661547640303,3.987381018836598,1.66357004338919,-1.1382140850868891,-0.6521302692646109,0.5976493362246175,1.2975618703570786,81.83984375,0.3982761302041441,1
0.016729548126112596,0.9729650067968023,-2.4532233194183655,2.172867795412549,0.0071694602032214986,0.018019674923346034,-0.9283712958432799,4.626091114830914,2.460392779621587,-1.2669093854637912,-0.8092601784266248,0.7948914151712638,1.3178063656554133,2.994140625,0.6653143876697878,1
-0.4447914434252479,0.7287978667012397,-2.1143281518223676,2.110578086748296,-0.919246821715088,1.0992723277873135,0.6817998091638082,4.2249062385706635,1.1950813301072796,-0.919246821715088,-0.919246821715088,0.094676544522132,0.5890905693521522,0.998046875,0.1857464325438176,1
0.004467288593959371,0.7124539919210273,-3.318384695229197,1.6470162367313514,0.07377650981960492,-0.8776350898627329,2.249662706982763,4.9654009319605485,3.3921612050488017,-0.8172427782440457,-0.3694657343730694,0.45699788472092023,0.8245118116446528,159.6875,0.11059676371825371,1
-0.010275971624818206,0.6974750292516023,-1.9856243225578525,1.9789677219565467,-0.05352044934661436,0.09372222610166696,-0.038946088835713155,3.964592044514399,1.932103873211238,-0.897420936763663,-0.47537811337690217,0.48049938448831386,0.9020580575431025,1.99609375,0.16386259848960696,0
-0.0010347509139239375,0.6504550660364922,-2.4207932266431356,1.6373262375263253,0.029977790174769557,-0.28643487225096276,0.2299157574669355,4.058119464169461,2.4507710168179053,-0.7832725345389953,-0.4529006962577549,0.44441365181820236,0.8112527420564771,234.541015625,0.07359635685574172,1
-0.0037002341155935366,0.5272889769408624,-1.3700888540413179,1.5216156749849261,0.004749595766364972,-0.048199152572843455,-0.4871057941415904,2.891704529026244,1.3748384498076829,-0.670616549630058,-0.4133151781245392,0.40551777330294453,0.6557523249926828,42.916015625,0.05986506707892502,1
-0.01978293936883238,0.8095221386894866,-2.8970311515031546,1.7579203049195558,0.08089329327523614,-0.7138618761408607,0.6714650863383742,4.65495145642271,2.977924444778391,-0.9389739472340296,-0.5770296137047453,0.606061471870679,0.9403803655637748,109.78515625,0.39185200651857954,1
0.008980010082524503,0.7792230376612179,-2.2079031026394045,1.6960377529264825,0.00336381300444755,-0.12181588282028656,-0.6648440953067625,3.903940855565887,2.211266915643852,-1.000017891216397,-0.5947884516435988,0.6279613467606167,1.0551290717235222,103.796875,0.354882602650939,0
0.033938954027433604,0.6173678060238362,-1.9664110809334099,1.69231016374941,0.03957469665221836,-0.06291477863112728,0.06034996935298542,3.6587212446828197,2.0059857775856282,-0.7444254586998924,-0.3862984532082776,0.4225689617764044,0.8180199346377881,130.744140625,0.16864256218058482,1
-0.015877973496020808,0.6822070967782261,-2.1385393984878385,1.9879859466291367,-0.025397125875071556,0.009762499662242019,-0.13951886657585355,4.126525345116975,2.113142272612767,-0.8590688637513921,-0.46536500634587463,0.43469398107647717,0.8695183133900827,130.744140625,0.22003967909406766,0
0.028541973027259908,0.9158100471200395,-2.4474365105918636,2.2283699217488233,0.033043711123152755,-0.09606094192144485,-0.3040941067476237,4.675806432340687,2.4804802217150166,-1.2001309417684032,-0.5967462504965535,0.641946709280343,1.2697180100938201,3.9921875,0.5159818376220665,1
0.08505740591938399,0.919074160056381,-2.1546613299662623,2.006965113001381,0.18579034570356656,-0.18679902787817473,-0.8293419178547268,4.161626442967643,2.340451675669829,-1.1962489303824841,-0.7120765447105613,0.7986792903476185,1.271679888003059,3.9921875,0.5355859667288718,0
-0.004760126114746348,0.7157315467169003,-1.6905709995840674,2.229611392067381,-0.10989618890186983,0.30101072262275125,-0.5816819720582025,3.9201823916514487,1.5806748106821975,-0.8720303096132036,-0.5799387260015116,0.5965458615671655,0.9312576576168724,168.669921875,0.1119670429620311,1
-0.009454282738917075,0.8639687296659033,-1.9299753871010312,2.193149437874987,0.03471458229808026,0.030063373603155093,-0.8619484755697524,4.123124824976018,1.9646899693991116,-1.1382113502326068,-0.7527611986575267,0.6724904307611983,1.0694602839003564,114.775390625,0.31072549219109047,0
0.03176495544325536,0.8804911423429639,-1.9046720085975684,1.9592414708909311,0.004827419764041224,0.048319473665723374,-0.7632487483476966,3.8639134794884997,1.9094994283616096,-1.1166159232076762,-0.6300388353628659,0.6510381294540508,1.2542341903526475,3.9921875,0.4940143821318121,1
0.23689857356427152,0.8308861992809294,-2.28297854899389,2.1403589048955975,0.44366579364727626,-0.6519527053496439,-0.20744623302507126,4.423337453889488,2.726644342641166,-1.040229442516528,-0.2880225848575336,0.7508854334875078,1.1230987371109717,4.990234375,0.33839646514971106,0
-0.0062986913426170965,0.9989597722155394,-3.5484185452277,1.913881574412637,-0.030948201183242603,-0.5648410263247272,0.519209765231853,5.462300119640338,3.5174703440444577,-1.1071522680882162,-0.7033941291261578,0.8843523097241008,1.2111750738212652,1.99609375,0.6871769340183721,1
0.03225949942500078,0.862554287458272,-2.0911034045755246,1.8973562046807235,0.0233477689245753,-0.017628945975819352,-1.0275486785213652,3.988459609256248,2.1144511735001,-1.0722457951677493,-0.7383158338703701,0.7447395861241353,1.1444841510985617,0.998046875,0.6151394900852687,1
0.032818251583728475,0.9237324649777737,-1.5670921982178156,1.773861294830023,0.08761802682191608,-0.04123484124935916,-1.3223735620812191,3.340953493047839,1.6547102250397316,-1.2176696729714787,-0.8207129408747892,0.926955987184328,1.1992259488356354,1.99609375,0.6595400714046056,1
0.01833535883976435,0.766010625013666,-2.6127123754937585,1.6701975966664993,0.0283011701802729,-0.3585831471131562,0.09736250590416962,4.282909972160258,2.6410135456740313,-0.8741860761596744,-0.48227049734937494,0.5989779402937352,0.9818189526560276,63.875,0.21344064337580193,1
-0.003540874842109125,0.7829514741919066,-2.23872290916332,1.9329776103357152,-0.038498896954035286,0.02616110642202607,-0.5474987078022675,4.171700519499035,2.2002240122092847,-1.032129069055333,-0.5968513289831047,0.5597057298497261,1.0636646851353333,175.65625,0.1778701481957494,1
0.008719742996117424,0.9430504571302409,-2.291383566346437,2.3043397388473155,0.04165105129533363,-0.02640454171799789,-0.7593226166426259,4.5957233051937525,2.3330346176417707,-1.285765807091231,-0.7261482983172275,0.7046304869629931,1.2188163817959372,2.994140625,0.4822786966154159,0
-0.0012541908915149128,0.6722438199675793,-1.7102058226025825,2.273986150224987,0.03252896474081521,0.11987065772513004,-0.3124059817018683,3.9841919728275696,1.7427347873433976,-0.8606959766315633,-0.5046360050555092,0.4838630200831865,0.8644019477594659,194.619140625,0.0969084265844458,1
-0.14763785446643982,0.9114690179258895,-3.20222602305604,1.763847609849535,-0.3958923915353818,-0.06247912610686231,0.010163183893474592,4.966073632905575,2.8063336315206584,-1.1697589750868678,-0.7795629769283173,0.6608779118674206,1.1632034262277142,3.9921875,0.4965303002938095,1
-0.008890334124543584,0.9769287238857177,-1.8673527974878767,2.3000127482368793,0.010625777019866809,0.051154301914921034,-1.0429163794644716,4.167365545724756,1.8779785745077435,-1.3035680465005006,-0.926935606288456,0.844135409616874,1.241176429932858,1.99609375,0.8660065795362218,0
0.026062765980729374,0.6696101312880063,-1.958527432802914,1.780930152856411,0.018808950582635715,-0.015220747412323982,-0.1930386859985016,3.7394575856593253,1.9773363833855497,-0.809309543363029,-0.44911674166664123,0.4840896662255069,0.8814713397080831,215.578125,0.057422481186202086,1
-0.006548661348777879,1.0162352877016894,-2.047737634745176,2.3779059774553977,-0.01398437881235781,-0.009823976473324064,-0.9753235543130812,4.425643612200574,2.0337532559328184,-1.4370764129591325,-0.8648246252617222,0.7815428509787276,1.3790957431869304,1.99609375,0.5484090783197385,0
0.0074426514154338624,0.9536257758131934,-2.261815454593984,1.870269073133472,0.054750258211924835,-0.11007336559753784,-0.8996271077330587,4.132084527727456,2.316565712805909,-1.3095019146170752,-0.7719008637223264,0.7657605591269601,1.2802147310989584,57.88671875,0.5489540098929309,1
-0.03543483331416041,0.8615399579970151,-3.2493287171032503,1.729367939904623,0.04328289254884335,-0.5695223548373173,0.24474940799325795,4.978696657007873,3.2926116096520937,-1.0682981890796455,-0.6384261217572823,0.6901832480893265,0.9878194655379134,99.8046875,0.4638390923370371,1
-5.673060247227569e-05,0.7975286816277334,-3.0735405531744027,1.8013200326637724,-0.10352395914274173,-0.14532443649059806,-0.4499869994829955,4.874860585838175,2.970016594031661,-1.0229931396559897,-0.594353608003428,0.7145823534512301,1.0544213996271363,82.837890625,0.23817395914683626,1
-0.09537438350041244,0.8968044867908633,-2.110896636941831,2.0753059560354026,-0.2457763651366215,0.20777508579406145,-0.8322953163864351,4.186202592977233,1.8651202718052096,-1.1914594423725158,-0.7621290597180004,0.5507111187678941,1.2304583729889982,0.998046875,0.5310072686223204,1
-0.01463204085368081,0.510890204921814,-1.3684338972813264,1.5745849832835521,-0.04588393121720403,0.3204955064317428,0.14414851369765902,2.9430188805648783,1.3225499660641222,-0.644239734820691,-0.37379387862356195,0.29380190486848007,0.6535114231048748,102.798828125,0.04324142881000326,1
-0.0219722183113409,0.5848671120354774,-2.156183293788853,1.9261299418161761,-0.07925096280226585,0.1278204131641312,0.16047061153037978,4.08231323560503,2.0769323309865872,-0.7165263596399993,-0.41944572259780244,0.37987508481184895,0.7358324125217909,60.880859375,0.034422545911185425,1
0.004508801822531459,0.9285450423174154,-2.2459211076590684,1.999383773285194,0.05980089339111947,-0.04155072523450389,-1.232745001191958,4.245304880944262,2.3057220010501878,-1.2308686841423446,-0.8708648558555481,0.8039577183313759,1.2361958929267207,53.89453125,0.65151581299104,0
-0.015474389770257252,0.6724032096320297,-1.9241809209566063,1.7159776086436407,-0.02427826291920696,-0.09107409672151348,-0.16573161155624128,3.6401585296002468,1.8999026580373994,-0.896460798527362,-0.44857264250858075,0.450225642295077,0.8696296546767686,197.61328125,0.09122839084776424,1
-0.009689940867095417,0.8964378092685796,-2.034373808599584,2.345893469957243,-0.05753326483870212,0.09976293419208891,-1.0202164755163026,4.380267278556827,1.976840543760882,-1.1358739282865224,-0.7662132161649657,0.760020895813198,1.188957078410223,0.998046875,0.4930894161982242,1
-0.0451799387407882,0.9025878264113624,-1.9111054038931723,2.132488501762814,-0.09590881207919659,0.2081668928460876,-0.8319570440082247,4.043593905655986,1.8151965918139756,-1.1611047373737557,-0.8196696975668112,0.67245416180359,1.178673619311743,1.99609375,0.5216955989899349,1
-0.024263227114745364,0.8914862723303976,-1.8653729132070305,2.0471137095904615,-0.03298120601725881,0.09847467203659027,-0.8599823076552258,3.912486622797492,1.8323917071897717,-1.1701654575235139,-0.7840738406251231,0.6765011348296031,1.1056991546524622,1.99609375,0.4276563444373341,1
0.019680509665391907,0.9694018189659676,-2.299327872012402,1.9967259185109192,-0.27515980807805307,0.15356620628321854,-0.9587881982820496,4.296053790523321,2.024168063934349,-1.0965853405672723,-0.6124834260446214,0.9701663879853883,1.2602060722918198,3.9921875,0.4703975275708354,1
0.03564417907068716,0.7045088148769096,-2.002613511822201,2.1027678509456287,0.008850127423662731,0.12668853626844434,0.10132278412646256,4.1053813627678295,2.0114636392458634,-0.7454345148780105,-0.47641026212331383,0.5286489330284763,0.831974306832399,8.982421875,0.11246444341490067,1
0.035061829331497374,0.9243064011056609,-1.863872061988608,1.9531701890291178,-0.09796386268167113,0.20920747198323522,-1.1636114980276757,3.8170422510177255,1.7659081993069368,-1.087512889638343,-0.7902220174357558,0.8909244623951313,1.3443924920693,0.998046875,0.6955641132251847,1
-0.009240723673161061,0.9648233517364713,-2.2056572314602314,1.7130317779308066,0.0012070467739658168,-0.16744607575828865,-1.0280015190421103,3.918689009391038,2.2068642782341974,-1.2368981592062167,-0.8177985048825327,0.8486353309899962,1.2793662867689568,0.998046875,0.7798308244248271,1
-0.024051130272717054,0.8074265693772833,-2.298078077210822,2.1546249318769797,-0.11500876750308459,0.12357815074848359,-0.7428461168258904,4.452703009087802,2.1830693097077374,-0.9894004903471811,-0.6896254372351036,0.6210925656383046,1.072174656573913,136.732421875,0.3204029687662366,1
0.007925716149125114,0.6585183720905576,-1.6447406187538958,2.127793457733234,0.05923840943889081,0.07796043062786971,-0.06441926540554377,3.77253407648713,1.7039790281927867,-0.8708987172963059,-0.45742091197340845,0.4266398917828514,0.8270781195795467,252.505859375,0.1209903394646488,1
-0.01029930773541854,0.9679525860615615,-1.969070037877463,1.809392944131186,-0.0908506348172441,0.022171985741709095,-1.1934810402630225,3.778462982008649,1.8782194030602188,-1.2401665005279108,-0.8703732205227415,0.912725930215426,1.2697953133676347,1.99609375,0.5762386155210271,1
-0.03488296082931562,0.9963861575600035,-3.361448361080233,1.898163865318216,0.050015165082820945,-0.762895341873591,0.6918891312119837,5.259612226398449,3.411463526163054,-1.2731475430168238,-0.6357338493387853,0.7581762636441444,1.1556899537484464,0.998046875,0.7782772300406661,1
-0.004770276473799792,0.7540228193930341,-2.9085404272964612,1.513162437822498,0.058388147317091466,-0.7285549284562803,0.7691166848153288,4.421702865118959,2.9669285746135525,-1.011297509331915,-0.4429351992373684,0.5554365454031708,0.874607355713382,177.65234375,0.14531894612992458,1
0.0164355047751815,0.8848939354037816,-2.6876489536308177,1.876783804178924,-0.0016129411846402262,-0.10467527474204598,-0.9248687948653811,4.564432757809742,2.6860360124461775,-1.088143771437238,-0.7195766037528668,0.8315285807770145,1.1295153829688656,97.80859375,0.47458912482613996,1
-0.14263276183483567,0.5543849932590746,-1.98245499481405,2.0459354916806793,-0.196836903515416,0.8401708865158604,3.2781130892772463,4.028390486494729,1.785618091298634,-0.4130379809412586,-0.33425770511703307,-0.06056366601903161,0.5944451952930472,9.98046875,0.07626217475720179,0
-0.029866762476918392,0.8061271901382473,-2.314872477625308,2.300191114167658,-0.031673551536688556,-0.0026532651774571424,-0.41643363159726476,4.615063591792966,2.2831989260886196,-1.05401782665695,-0.6351507054936261,0.5734806852644926,1.034005235696789,137.73046875,0.21738229772183226,1
-0.024905474268613836,1.0498127609487184,-3.497892174376638,1.5840352260930464,0.11713948644185757,-0.9380361515683282,1.0425355038336637,5.081927400469684,3.615031660818495,-1.136921555468351,-0.7174962998819535,0.7989838948125341,1.188981557591052,1.99609375,0.8120564986362095,1
0.00857350782742784,0.7720467461721279,-2.377058586506849,1.792735428396001,0.005217161177479948,-0.11833397268447803,-0.5487633675177923,4.16979401490285,2.382275747684329,-0.909720109027657,-0.5885512700317919,0.6873993263986945,1.0166219329238377,144.716796875,0.2832021192866194,1
-0.09087651100688623,0.8429133712480806,-2.8675641129368312,1.84187415237742,-0.4882739959270232,0.7019056862456796,0.07503244958301503,4.709438265314251,2.379290117009808,-0.5136172517003283,-0.4882739959270232,0.36221598623783036,1.4512857375986372,0.998046875,0.15967549597786518,1
-0.0008733875884526787,1.0120412758139576,-1.9612939391381419,2.0320047019430314,-0.017086013256134965,0.04142229708510491,-1.0095850107329984,3.9932986410811733,1.9442079258820069,-1.2905001651458632,-0.7996847861976181,0.8540578924372476,1.3582342693191667,2.994140625,0.7257516129106409,1
0.03117338327667276,0.29116193458002027,-1.902662880143175,1.4044661447482645,0.17377344536326325,-1.2873730032474096,6.1165664893917455,3.30712902489144,2.0764363255064384,-0.38974614487170267,-0.3291222942694453,0.17377344536326325,0.17377344536326325,0.998046875,0.03268194281835558,1
0.007956758073318849,0.8214621559025348,-2.642093204199665,1.9247115225021956,-0.07766613727684582,0.14438091909882295,-0.5304892472227021,4.566804726701861,2.5644270669228195,-0.9577130052129338,-0.6237580412127599,0.5960654594985605,1.2067191467061245,93.81640625,0.17203582977804213,1
0.037087414044951514,0.6722504641853118,-2.7927771053513903,1.7752174150057336,0.03147538957676127,-0.36815723092069247,0.6975422837194247,4.567994520357124,2.824252494928152,-0.7253904202181791,-0.478282522881035,0.5327144221185942,0.8973928418950833,0.998046875,0.10021623917040269,1
-0.008190103161056724,0.637401519226619,-1.6893408320675873,2.050175847777976,-0.04477662287419415,0.17228250827608538,0.16354285046170336,3.7395166798455635,1.6445642091933932,-0.8180547146926112,-0.4074553838387396,0.3879689536214501,0.8034141064997896,219.5703125,0.1000552994355932,0
-0.01004136159358181,0.8589458888925682,-1.8642453839178514,1.8413516171209277,0.02037070488765846,0.057457550389039255,-0.830875612458418,3.705597001038779,1.88461608880551,-1.2172470345857274,-0.6763173570698164,0.5698511363753005,1.1888914490242226,96.810546875,0.21791466244338953,0
8.625724580602068e-06,0.9772779863783447,-1.8297655092669083,2.1073421704745927,-0.02592873980537238,0.05708415163061144,-1.120719746808605,3.937107679741501,1.8038367694615358,-1.2939537114184219,-0.8954615919341365,0.78608784108418,1.3204057772478366,0.998046875,0.8709087838760763,0
-0.0033333926446881927,0.676100173072438,-1.9071598181256,1.7948685265449091,-0.025837822088854923,0.015186520245137353,-0.12737443779378577,3.7020283446705093,1.881321996036745,-0.8745801786246574,-0.4550138920135751,0.41702815156922096,0.9124815124812585,236.537109375,0.08118512814108891,0
-0.003289636309811883,0.857571324656642,-1.9140043596031477,2.0074081621463367,-0.010543653673753407,0.08576900796650726,-0.8928795283111297,3.9214125217494846,1.9034607059293944,-1.1336478070605929,-0.6984691260496748,0.7184419988343906,1.0827752736208804,1.99609375,0.5123163800197215,0
-0.057508070468079917,0.666651925940915,-1.9215545157272784,1.8529102008747447,-0.04287041695070202,0.049363248935780944,-0.24687698591136353,3.774464716602023,1.8786840987765765,-0.9860682942535878,-0.5175668594205742,0.3929332849203999,0.7922199447275017,0.998046875,0.055475632159580894,1
-0.0032359056662240055,0.8649855727976292,-2.0606558048578334,1.9544101392564983,0.001924306045652541,-0.05292691901460866,-0.9141060429611843,4.0150659441143315,2.062580110903486,-1.152054991450263,-0.72679050250889,0.6793928055429652,1.1299517809965316,108.787109375,0.3195229061099689,1
0.0017398640001792393,0.972334780242884,-2.082345426461731,2.1225701259798893,-0.02424253466967709,0.05616213158520768,-1.1805444539556134,4.20491555244162,2.058102891792054,-1.2232643653723962,-0.8500853568237886,0.8566421716615151,1.3283403932458255,8.982421875,0.8228822025614628,0
-0.03011160076059036,0.6929228844479647,-1.694897286049303,1.5209158202884847,-0.01643943770242076,0.06948623315113514,-0.647640594077874,3.2158131063377877,1.6784578483468822,-0.9429389972643532,-0.558352776045288,0.44944231133002654,0.9055687207636118,199.609375,0.16173651247473775,0
-0.0007218668436982517,0.9033303674549015,-2.088122938328143,1.9648367198777796,0.017988662125294926,0.05755982263527483,-0.9789297392356557,4.052959658205923,2.106111600453438,-1.1780073161386444,-0.7443557788724712,0.7410557931886448,1.205147091028282,74.853515625,0.581228630006039,0
-0.002562966497622882,0.623180790637381,-2.2010167528220927,1.887634127470598,-0.013442312226418757,-0.0169471444257218,-0.10284878419411747,4.088650880292691,2.187574440595674,-0.7790621179144988,-0.4479994094124944,0.43340874972466875,0.7726842626823526,162.681640625,0.04668096869010774,0
0.0027518938313154107,0.867018544878671,-2.044061232954446,1.887472101860526,-0.05749759779523069,0.1359597663241342,-1.0628342273624478,3.931533334814972,1.9865636351592153,-1.0718838664381147,-0.7162598709699359,0.7520890946448805,1.227445004280644,49.90234375,0.20583270623281194,0
0.03958667307397798,0.37935796069218664,-1.7706121043290401,2.1264711505345706,0.046999929264576835,0.1123461465614271,11.16803380728788,3.8970832548636105,1.817612033593617,-0.0369978845357202,-0.005602456600974791,0.09960231513012845,0.1314127520263378,21.95703125,0.013121266308663495,1
-0.0007963117661070069,0.6407280009015135,-2.0166091918333042,1.9786351702060259,-0.021741803489677462,-0.06560123290247698,0.01717931921903304,3.99524436203933,1.9948673883436268,-0.8273514595487634,-0.4238031868080602,0.4277476545761878,0.7992232078578655,196.615234375,0.09746752850223797,0
0.0011349695807788863,0.6785326436334443,-1.844166193369786,1.933000058027892,-0.024600223375270874,0.12870371127979535,-0.2695115990349142,3.777166251397678,1.819565969994515,-0.8483703684650974,-0.4907758653768759,0.45520884760000385,0.8725448598902528,196.615234375,0.21722346592120578,0
0.0036337804189237356,0.8511215124700923,-2.0550759381322954,2.1293085990736382,-0.09199168298373664,0.10923616118877243,-0.8708900942150235,4.184384537205934,1.9630842551485588,-1.0282589274670637,-0.6810129122495812,0.7431689510544208,1.136811692555606,126.751953125,0.23121450986974834,1
0.002602164869496562,0.687181676111287,-3.2759672339401167,1.835242421186972,0.036175035528082274,-0.8755628782540561,2.5963852318570284,5.111209655127089,3.312142269468199,-0.7983867539342236,-0.36939858236880113,0.44505956763623566,0.7883365291974144,1.99609375,0.1277899385348644,1
0.01512309433357176,0.8658102243790856,-1.9699568948949624,1.8468517633015005,-0.020179800192652923,-0.000630131221108992,-1.0283340670291201,3.8168086581964626,1.9497770947023094,-1.1661282679503637,-0.6715677026248394,0.7440584369724288,1.2182573882968117,111.78125,0.2926759480944237,0
-0.07208795498480408,0.891725161235949,-2.0459900818859027,2.3623903745885073,-0.17011510060980464,0.25865504954595286,-0.5829370587198217,4.40838045647441,1.875874981276098,-1.1831586808452048,-0.7179603845544491,0.5795778356562948,1.1671136306916627,1.99609375,0.37660438977266614,1
0.008229220944912921,0.9780967280719565,-1.6626940333365292,2.0551232434174938,0.03886217377168433,0.06315776044766193,-1.273262221365723,3.717817276754023,1.7015562071082135,-1.2713386783967022,-0.9204605171140923,0.857110929437217,1.3322986114576927,15.96875,0.8452383950851156,0
0.004746039882877352,0.7355457795832236,-1.8904205120717006,1.798374794459752,0.025246971324138643,-0.004661963383452507,-0.5307553013649899,3.6887953065314525,1.9156674833958391,-0.9998278556005079,-0.5190708118959382,0.520130073739447,0.985707645809289,138.728515625,0.2538230892304844,0
0.051595850364410556,0.8098893942661232,-0.7646375672308894,0.9368963747265776,0.8548565022898732,-0.015609345563460468,-2.007524989620445,1.701533941957467,1.6194940695207625,-0.7646375672308894,-0.7646375672308894,0.8548565022898732,0.8548565022898732,0.998046875,0.5324470989011744,1
-0.011946302068274753,0.9769056292388535,-3.132444815001675,1.7261846770366844,0.049489011972109344,-0.8918257482372859,1.159748062539987,4.858629492038359,3.1819338269737845,-1.1195558697971484,-0.4940424883218238,0.6415871369363281,1.2144645962307605,2.994140625,0.6136284677756445,1
0.006810776215908261,0.8655946049565728,-2.6414261010567492,1.7418621242194994,0.09278456373556317,-0.5225091441728927,-0.1355519109363219,4.383288225276249,2.7342106647923123,-1.1101909698125512,-0.5667048857751341,0.6817075027292586,1.0353906739288745,1.99609375,0.4680420954876993,1
0.003513228028723607,0.888348975964842,-1.7765091456666986,1.9505624690812764,0.03907735439578662,0.06908862801425301,-0.8286502612542055,3.7270716147479748,1.8155865000624851,-1.231263437874885,-0.6862508027754565,0.6660344436711644,1.2065894013381189,66.869140625,0.2796557021797003,1
-0.0010575720822204593,0.8048004491060402,-2.011952918017266,1.9991110521485966,0.012133918285692089,-0.0956519529244413,-0.8776893580797682,4.011063970165862,2.024086836302958,-1.0377886947744366,-0.6783961844319302,0.6669512674717697,1.0078873478834627,0.998046875,0.3044444038096679,1
0.0041082153813844224,0.79107698594308,-1.7883807276150012,1.5921248406425004,-0.03991541655795756,0.01959881138599686,-1.002794309883812,3.380505568257502,1.7484653110570436,-1.0414249178581207,-0.6676837514114426,0.6625191757243675,1.07820523046944,156.693359375,0.12305429088419702,0
0.003220768648234465,0.7944556747988688,-2.6897884946032753,1.6267702662113899,0.05954900808550118,-0.5271017751976207,0.17939605749124699,4.316558760814665,2.7493375026887765,-0.9718095374823159,-0.5134149051034271,0.6041327899240186,1.00442720277153,133.73828125,0.4174196758254529,1
-0.12576208911031328,0.773058533789236,-2.401264707613791,1.8092191480923767,-0.27185783581315504,0.22007078299365948,0.4694711932682569,4.210483855706167,2.129406871800636,-1.01251903538105,-0.4567023434672628,0.20813403269815575,1.034435965213917,4.990234375,0.25625232238630685,1
-0.0030754585378714554,0.689029958373421,-1.994277675270971,1.8815063022827758,0.007693886682111966,-0.08096469290870535,-0.30815011488384414,3.8757839775537466,2.001971561953083,-0.9212937680798496,-0.451503134252256,0.4550510592210337,0.9296172177751625,94.814453125,0.06204572841839088,1
0.05903950694235905,0.8084614899121945,-1.926593167355328,2.110105580731901,0.06411360466253219,-0.03200249143506413,-0.3246253749631176,4.036698748087229,1.9907067720178602,-1.091639026115069,-0.46630789416643537,0.6356774952817031,1.1045905312781632,4.990234375,0.3293790973524519,0
-0.00398178526838937,0.7228898799054736,-1.8304207795155647,1.8544807069362623,-0.005980374254960454,0.045322174647868016,-0.615444807707211,3.6849014864518272,1.8244404052606042,-0.9420600702465484,-0.5257995670190427,0.5209989455501468,0.9321632304356078,173.66015625,0.22921438075636844,0
-0.0016450129405321604,0.9506309675753112,-1.8471034299385378,2.130276312057468,-0.01954452350494779,0.020322537989339046,-1.1417688044216008,3.977379741996006,1.82755890643359,-1.3140325216775948,-0.8340552282117566,0.8780846577297918,1.2136375421576322,8.982421875,0.7909780861636608,0
-0.02213819445333159,0.9350089368499536,-2.318012054652296,2.2543998025728573,0.04062692995392342,-0.016575440815449094,-0.9863283003996455,4.572411857225154,2.3586389846062192,-1.2212983432963438,-0.8453620943661433,0.7578019428553935,1.222181332829736,64.873046875,0.46104107236071745,1
-0.020713850696193147,0.9207414915760503,-3.218455116807168,2.022009583220455,-0.055384282341028324,-0.22332196073481592,-0.10996163254189995,5.240464700027623,3.1630708344661396,-1.2815780614550365,-0.6425206397462226,0.6791772180433311,1.1477581891052253,145.71484375,0.171824555311528,1
0.010532632105470091,0.7849222360432204,-2.6596523779467725,1.91170558049649,0.0035980273078607024,-0.12617753530426828,-0.29652940811557205,4.571357958443262,2.663250405254633,-1.014984130777031,-0.5387351436696384,0.5866709610951916,1.0146329174731217,114.775390625,0.2001007793710606,1
-0.0007654721436368139,0.8737014446242233,-1.830301971625383,2.127829984754702,-0.04733566612354741,0.03639068233840702,-1.103535012681499,3.958131956380085,1.7829663055018357,-1.130708298660684,-0.7350771259585116,0.7165957289432504,1.149042949106564,0.998046875,0.46917241908585855,0
-0.04814104632971958,0.8488187877680397,-1.9525547420484868,2.062635075761331,-0.20185365893199847,0.2993594474803864,-0.7690946917964916,4.0151898178098175,1.7507010831164882,-1.0559349375482738,-0.6928106972592558,0.6065558207715034,1.1891491420786988,24.951171875,0.435792145968356,1
0.001906852221655971,0.7746559217339631,-1.5836114512730368,1.8192445356001532,-0.07413429181016318,0.14275729365957116,-1.0526736196748465,3.40285598687319,1.5094771594628735,-0.9726507816593083,-0.642799139292826,0.7059388462265702,1.03754690964911,140.724609375,0.2955824370285746,1
-0.002192733801218552,0.9013335616808114,-2.0070666914063575,2.0705649826373818,0.06934904690589437,-0.05275680154277815,-1.0148119942248695,4.077631674043739,2.0764157383122517,-1.1883999050423795,-0.8253768276952747,0.7644008515161201,1.185628241570667,114.775390625,0.44093590946091665,0
0.011253027457609699,0.839343681378821,-2.737832145930009,1.9173211484821924,-0.029956989676639234,0.019446607668159942,-0.7929838529689492,4.655153294412202,2.70787515625337,-1.0292531042336892,-0.686577586052115,0.7175299118107132,1.1523213352798052,0.998046875,0.4038043623334893,1
-0.010340183561478561,0.9460250754497086,-1.8626936974461374,2.0534725113329713,-0.10944376657352772,0.11724998438324603,-1.2113873990339816,3.9161662087791087,1.7532499308726097,-1.2169558779707923,-0.8452598833818158,0.8585597599641352,1.2525611408365074,0.998046875,0.8076076584725441,0
-0.01880274977226213,0.7844601743556788,-2.3271287362724604,1.7037751471761582,-0.009703183108215097,-0.08081069939918963,-0.6697722645650166,4.030903883448619,2.317425553164245,-1.0591241764192614,-0.6274735318217124,0.6031841057348509,1.053819455503847,0.998046875,0.21880777944470356,1
0.009029677820151162,0.8712959796380169,-1.9044710256964426,1.991344204148302,-0.018466403773557384,0.07721193527667605,-0.9262792618578852,3.895815229844745,1.8860046219228852,-1.0927644290875478,-0.7004111809360207,0.6903394427016932,1.2172259624220474,55.890625,0.5195611794773796,0
0.004917392085949917,0.7184557088456462,-1.825007098130232,1.9270308989708573,-0.028169737731388342,0.16717668454472684,-0.35366062048537206,3.7520379971010893,1.7968373603988437,-0.9127116570318172,-0.5509016658090228,0.4970986419945451,0.9191121620131346,163.6796875,0.14162326109252202,0
-0.02523442983894622,0.6147274169735533,-1.7823199200510125,1.6527571847984965,-0.03659002155606994,-0.0574380839171617,0.11258084686982173,3.4350771048495092,1.7457298984949425,-0.7859832778458167,-0.382262546304188,0.33458001447283947,0.812160540578303,252.505859375,0.11849783909515633,0
-0.03555970471692242,0.9330987599519667,-2.3057434200505127,1.9620250565808195,-0.11294793805372562,0.004887404725382797,-0.8227210483342424,4.267768476631332,2.192795481996787,-1.2729577680994468,-0.6903851285710765,0.7836891752933512,1.2580541209994212,2.994140625,0.39734925183457775,0
-0.005876235725093296,0.7038529807591641,-1.8085664878727143,1.5847514630718191,0.00905458795188412,-0.043186375862968474,-0.5469847963032417,3.3933179509445335,1.8176210758245985,-0.9353202454623599,-0.49424831999073693,0.4895061655038526,0.8875446270802937,210.587890625,0.13651131309022788,0
-0.011338386927395989,0.9373102485068462,-1.953966181066511,1.9796272550243366,-0.033798001301900624,-0.04122586557307019,-1.1042791664106864,3.9335934360908476,1.9201681797646104,-1.2808766937367615,-0.7998437473149341,0.7916757167737601,1.2710070584859943,45.91015625,0.5953514242321399,0
-0.0010222526659751652,0.9645281498956945,-2.01069925862871,2.179553183193697,0.0047028731791365005,-0.043432872546799,-1.196631817054797,4.190252441822407,2.0154021318078463,-1.266936209973392,-0.8404195038621054,0.864007937143197,1.2131193969029943,1.99609375,0.8266512943284611,0
-0.010481658493723428,0.5831068698516543,-1.787805639052073,1.857812733737391,0.017460262512963058,-0.08244600755338446,-0.07859008855439154,3.645618372789464,1.8052659015650359,-0.803392998294663,-0.4080985785107299,0.3878344202615287,0.7171164484878794,140.724609375,0.0401512720315217,0
-0.04875933456122773,0.8091954352890666,-2.165720470319146,2.162289015516579,-0.09023668374293972,0.0798545850012187,-0.3640467179758966,4.328009485835725,2.0754837865762066,-1.0813370111508747,-0.5603457499875977,0.5178519122961757,1.0702773596458264,4.990234375,0.352719627109245,0
-0.00039551926257813674,0.6266623719875425,-1.9353894200356219,1.3643627068398079,0.007984663276405153,-0.24404568249681277,-0.3297746143360909,3.29975212687543,1.943374083312027,-0.8225287161532134,-0.4265974945752004,0.45803418215495945,0.85741659480549,135.734375,0.06243656653571982,0
0.003881901881079319,0.8928378517889163,-2.2231273118345323,2.0018741171965164,-0.030942110692979488,0.01655273529918984,-0.8206951893964742,4.225001429031049,2.1921852011415526,-1.202307204683254,-0.6704519800432267,0.682119350673406,1.25024539544788,26.947265625,0.43560006567614,0
-0.1020725864079488,0.6823597283001817,-2.5296000144998327,2.0135725005916307,-0.02051040537379482,0.43188314535483974,1.7812293679572075,4.543172515091463,2.509089609126038,-0.7468984842760998,-0.381495432978353,-0.02051040537379482,0.8704037880431952,6.986328125,0.11000344602363489,1
0.016609785799446455,0.7967758302707151,-2.2299361404488796,1.9521686742126179,-0.0577245396422119,0.11305037121254029,-0.8845497659151969,4.182104814661497,2.172211600806668,-0.9825472414313295,-0.6250155219531087,0.7118593617446353,1.0809469819335893,1.99609375,0.24944328678181962,1
-0.029615261125679332,0.8016932514711123,-1.5832442206713497,1.9348968972441987,-0.10767389976665263,0.2361216262532762,-0.7448249892991332,3.5181411179155484,1.475570320904697,-1.095198800489801,-0.6503248928579631,0.5426489812960332,1.0999679473166057,115.7734375,0.19148005308528282,1
-0.016604367714022905,0.66296774577139,-2.7680782869795344,1.9303519842253622,-0.029204899315695386,-0.23088564601767425,2.378400376584784,4.698430271204897,2.738873387663839,-0.8894641236555847,-0.06493686525044097,0.006527066619050194,0.8726695707059461,6.986328125,0.147481435931819,1
-0.09492942730849335,0.8747752711489793,-1.9739624505140265,2.3287171026503035,-0.2034384624468687,0.3977670061609482,-0.5953153562934466,4.30267955316433,1.7705239880671577,-1.099775577896803,-0.7902250848113161,0.4939884704645707,1.1736775665157946,3.9921875,0.3938080890276239,1
-0.002350738279141862,0.910562190740628,-1.8263879792173259,1.8615689760691818,-0.020070733712103418,0.09369108473691716,-1.222700546819746,3.6879569552865075,1.8063172455052225,-1.1045686849187466,-0.833281878675892,0.8273011450677515,1.2912694721927473,20.958984375,0.5539831229119543,1
-0.035704809773107485,0.8986534662903469,-2.3607462535612362,1.8397638710673736,-0.05459515753742312,-0.05712256202472462,-0.3387751555214584,4.20051012462861,2.306151096023813,-1.1980966353324116,-0.5651156265006649,0.6205994625617454,1.2669406302260096,3.9921875,0.5160718192427209,1
0.002150645882344357,1.028822301679625,-2.3072994798700717,2.4360036631528112,-0.015130628720966752,0.11454892217797584,-0.9031152851544402,4.743303143022883,2.2921688511491047,-1.2940228669999914,-0.8973567852494824,0.8554579979741511,1.371202005122595,1.99609375,0.4858614260606828,1
-0.18123040810395669,0.6804035072237312,-2.2673284275259347,1.9839986472623983,-0.38057262002396697,0.721769314040534,1.3103872578106683,4.251327074788333,1.8867558075019677,-0.676207805399293,-0.38057262002396697,-0.1761699710799935,1.0033742942488024,7.984375,0.141893673325271,1
-0.011854398721618517,0.7800491898056515,-1.542553126586141,1.6954057557427724,0.06900754819845542,-0.07901623968184157,-0.8848479430425389,3.2379588823289134,1.6115606747845963,-1.0874491457517532,-0.6685743279230154,0.47709291103249485,1.0993113310762843,0.998046875,0.3834177432521283,0
0.004881446086547975,0.8307630696641761,-2.789128743725024,2.0009763904354565,0.09323318903911645,-0.6200010095473938,0.45194312679556115,4.790105134160481,2.8823619327641405,-0.9878236313005108,-0.5022464806362439,0.6574007676187629,1.0018846143437055,0.998046875,0.30614613463593554,1
-0.005861642660090982,0.902698275892499,-2.0247221262872404,1.9547675907387254,-0.08763064448141261,0.09679483558988773,-1.0603503496822133,3.9794897170259658,1.9370914818058278,-1.1507782603663617,-0.7441270643786779,0.7911251764651775,1.215837388083214,0.998046875,0.6464755177771483,0
0.016119338291239446,0.6084012314579653,-1.8561657198462418,1.669703506372269,0.004311330519807541,-0.09277380377820953,0.4304958053739836,3.5258692262185107,1.8604770503660493,-0.7292145479238484,-0.32225652415736045,0.37831682651185305,0.7739935717927258,97.80859375,0.06519437539896493,0
0.0015718485979823137,0.6662753534158312,-2.0556224024694827,1.9282385874077321,0.02306020479298239,-0.019640901973854017,-0.09742846265644989,3.983860989877215,2.078682607262465,-0.8361366037383924,-0.4439127680411498,0.4349475005826612,0.8713429955559323,64.873046875,0.17596125098518808,0
0.004770847657953256,0.7970837552839873,-1.9265957471142137,1.8574450396039979,-0.07083335687379633,-0.0029178219336896405,-0.8976592529391949,3.7840407867182115,1.8557623902404172,-1.0013396480672758,-0.6151440496012636,0.6634054764401983,1.0756863676523387,141.72265625,0.21218999611434186,0
-0.14928498907793245,0.7963366040554214,-2.0735485127487405,2.0439577438204206,-0.23994117088642275,0.45155299895539047,-0.08894023288085684,4.117506256569161,1.8336073418623178,-1.0362618075147687,-0.7179969471304245,0.3114610457395679,0.9962908879952606,5.98828125,0.23789376977659343,0
0.005129175271521187,0.7579736873003383,-3.031592821064893,1.9422340368924433,0.015301274448617124,-0.6852847205795636,2.3144611216441504,4.973826857957336,3.04689409551351,-0.9025751673644496,-0.2165335961651899,0.25900427690486516,1.0645906281236288,4.990234375,0.26440226285199503,1
0.012426896158579948,0.8221161662948602,-1.7435429604473316,1.8281436348791467,0.004054617496235249,0.027128789312671486,-1.180260822246585,3.5716865953264785,1.7475975779435668,-1.0588367580452545,-0.7268181022877804,0.770229398308746,1.0948695067149272,120.763671875,0.18371116974934368,0
-0.004445289072915106,0.6392378196381072,-1.6429679199092664,1.999998905619531,-0.027014149627649257,0.24569885387388538,0.21384091246328296,3.6429668255287977,1.6159537702816171,-0.7741207060546997,-0.49369468309806774,0.4015315210908862,0.8319297629365676,72.857421875,0.09206338391280382,1
0.0020198159144049627,0.7145118182190746,-1.7208274287838592,1.7866584183788619,-0.026415354165653437,0.02561528716625184,-0.6743904310122195,3.5074858471627213,1.6944120746182056,-1.0073965997914955,-0.4972665181912873,0.5311876548899522,0.9155690304424302,67.8671875,0.2478184756294424,0
0.011305308574863226,0.8084726225484911,-2.759967874752153,1.662060336191412,-0.031564946224938516,-0.2664326158131145,-0.018574899033650727,4.422028210943565,2.7284029285272147,-0.9407644035164343,-0.5466457292017599,0.6269113776258894,1.1234882009120382,139.7265625,0.2556287302584062,1
-0.23326900128504235,0.7289820585179251,-3.0502320859988714,1.7479652345037362,-0.46350146534917264,-0.0960955671992834,1.6565758916392435,4.798197320502608,2.586730620649699,-0.7096682053082393,-0.7096682053082393,0.13761249479801183,0.6583902375455278,6.986328125,0.14085345465881083,1
-0.0037831890865289222,0.6697404253763813,-1.53619307224907,1.6432156465647756,-0.007000552627469278,0.0017026575159453659,-0.7505680188875443,3.1794087188138453,1.5291925196216007,-0.9101149374966858,-0.5122454632125233,0.4993849900115408,0.8993693045860921,227.5546875,0.08185146236270638,1
0.012340085753189362,0.7699917336455819,-1.6357783136579545,1.695626415193155,-0.04969102466719473,0.015133220454520676,-0.8855851295608583,3.3314047288511093,1.5860872889907598,-0.9954280015996926,-0.5675373510555306,0.6330724172319734,1.0374227701708136,112.779296875,0.11338975515216594,0
0.017243407693662213,0.8988597329151787,-2.2361635905651043,2.2216745066963677,0.0800599203167188,-0.06962139096373988,-0.4917995712928822,4.457838097261472,2.316223510881823,-1.19252970250195,-0.6846377807104344,0.6304385631412168,1.234962235805375,3.9921875,0.4534183828352641,0
-0.0008787777161455412,0.7214245661822895,-1.9004597738066613,1.8956822668827034,-0.023787246101728304,-0.01477877657120998,-0.6259559572083555,3.7961420406893644,1.876672527704933,-1.0009645426697316,-0.5572550663537915,0.5459193932378481,0.9496392177796619,125.75390625,0.10965526024875424,0
-0.025079934587741482,0.690848468273218,-1.698507166206008,1.4666834805463222,0.0015933327444421221,-0.11863333753938579,-0.6763717893513252,3.1651906467523303,1.7001004989504502,-0.9469429299704271,-0.5409194851829514,0.4997526192625121,0.9125152124877561,199.609375,0.1684288944917086,0
0.16456684514704886,0.5221142782296676,-1.9435585028560705,1.7891980388868973,-0.006643542019844054,-0.7075183732627581,2.740182651928629,3.732756541742968,1.9369149608362264,-0.02912938763656311,-0.006643542019844054,0.5662560864103117,0.5662560864103117,0.998046875,0.04328664408785051,0
0.0007468287251253987,0.7734384866795223,-1.466568284454138,2.2952280567258514,-0.1445962320597387,0.7610684471472673,0.029094101107118853,3.7617963411799895,1.3219720523943992,-0.8630407005261344,-0.5822467612852271,0.35817005493197446,1.1567746940010426,191.625,0.16068556188643512,1
-0.04233242751460753,0.9467702827657701,-2.8033471276890074,1.8976858363594125,0.06629813345104574,-0.20298349019277662,-0.8564636773086503,4.701032964048419,2.869645261140053,-1.1966303738626811,-0.8372120916070698,0.7827589284406435,1.1200331647483321,0.998046875,0.6016981397349341,1
-0.0029765021193225646,0.8657374630435555,-2.866790150606054,1.7150024741026482,0.007611901656949986,-0.506153037593671,0.22370681534146586,4.581792624708702,2.8744020522630036,-1.0617614372381585,-0.5729187500719481,0.6629639897567337,1.1081475517727872,124.755859375,0.33372252021964455,1
-0.0012283387939480209,0.7868313815023971,-1.9315690182671135,1.9358341932006284,-0.0066809241186318626,0.05685332338974729,-0.8068077161401748,3.867403211467742,1.9248880941484816,-1.0214245233040844,-0.6402658836786195,0.6364069150947315,1.0487647642862221,123.7578125,0.3658878534998436,0
0.14331183362563288,0.686326269109403,-1.9797840151543222,2.6115121479105423,0.5677932094481082,-0.42887294726508124,-0.15223221851200464,4.5912961630648645,2.5475772246024304,-0.5574507590919723,-0.5574507590919723,0.5677932094481082,0.5677932094481082,0.998046875,0.1610170537674958,1
-0.001916711097341095,0.8756481859895744,-1.9228451377976312,2.1001288777550853,0.0011337714209960945,0.06364553647779368,-0.9822606718951485,4.022974015552716,1.9239789092186272,-1.1164099012499604,-0.7239831651007983,0.7720986606203584,1.134863171589821,0.998046875,0.36638948354084006,1
0.00282275977495412,0.6486618071800565,-2.3189742013655863,1.5026433580708705,0.025307725341276253,-0.40685451897935093,0.18545710074772792,3.821617559436457,2.3442819267068624,-0.8809498413537452,-0.3921839329751141,0.48503276696271563,0.8091399521217353,252.505859375,0.08481561554916257,1
0.004189083174927867,0.7040314105735411,-1.8002748186898876,2.05567552168169,0.02863646636300335,0.04285379828353353,-0.11118877527240256,3.855950340371578,1.828911285052891,-0.9246591749343617,-0.44606546635190303,0.45533541431883,0.87481685557309,212.583984375,0.09634108812413456,1
0.0005142547915727713,1.0258201117715278,-2.8392254995714654,1.8249583765694022,0.10198113589288803,-0.3703175742863982,-0.4700394541315225,4.664183876140868,2.9412066354643533,-1.3420902507901638,-0.74586503735492,0.8432861791702105,1.3584604414100943,2.994140625,0.6959923590472238,1
-0.004129388462949961,0.804300561907768,-3.076724226449466,1.6154669478048131,0.03607784764963347,-0.49167021917321835,0.13710994083097905,4.692191174254279,3.112802074099099,-1.015595764906373,-0.590139480133902,0.6336400704660852,0.9924999048290719,107.7890625,0.3901815003657004,1
-0.06732461507731027,0.9208684512257028,-3.4313530929879947,1.5125501090492053,-0.009794633459733398,-0.6493530170761074,0.34984252746413436,4.9439032020372,3.4215584595282613,-1.097797641205068,-0.684289820242252,0.6730952538240645,1.0553444182508918,0.998046875,0.5976759822414648,1
0.0017196564940531317,1.047089659437495,-3.2472051657393157,1.9637529450448825,0.03978863233423338,-0.5069444102924988,-0.05181221457079932,5.2109581107841985,3.2869937980735493,-1.1569633066842278,-0.8173261597763231,0.8678456156370313,1.3036817575978694,1.99609375,0.5817259978373427,1
0.1454093732924386,0.6205939825114621,-2.1966290685046106,2.177698292848108,0.3103154847613696,-0.6902296829380422,2.1229551917537925,4.3743273613527185,2.5069445532659804,-0.8316655682001225,0.0958290453334416,0.3103154847613696,0.7190577215976258,7.984375,0.11711339050725605,0
-0.006028005683698736,1.012154597508302,-2.122659176042345,1.9370131342180579,-0.08427340787640114,0.02696215895629991,-1.2732828887683547,4.059672310260403,2.038385768165944,-1.288803185300432,-0.9455077380603572,0.9523004992936708,1.3218206829392831,13.97265625,0.9330807243831344,0
0.06191498161770969,0.5641363006715667,-2.5446426434362963,1.3595831623285282,0.09736480430344005,-0.5465027568687735,1.0548983467454889,3.9042258057648245,2.6420074477397364,-0.653307055712716,-0.3298054515059792,0.4841192606904391,0.7502060162976383,50.900390625,0.06869120463011782,1
-0.003466573120438056,0.851982927385995,-1.9468770889495566,1.9545700749603427,-0.06619487032419322,0.03827049355958453,-0.9534813454498221,3.901447163909899,1.8806822186253633,-1.0962024864113873,-0.6592638118433319,0.7041941417170593,1.1514519728494435,95.8125,0.516504005106154,0
-0.011501784514971783,0.850186429273879,-1.786584935955721,1.8336464195999784,-0.09770372586128347,0.16178077279842767,-1.082911220062528,3.6202313555556995,1.6888812100944377,-1.0804701685519866,-0.7582921343470954,0.7208110723754969,1.1238393307126424,86.830078125,0.5293330434408658,1
0.06837319797777919,0.8358649637463808,-1.958999221832618,1.9756274920682757,-0.018232789597756264,0.11621245420457078,-0.7750504198847521,3.9346267139008937,1.9407664322348617,-0.8907021143487772,-0.5653273366315981,0.7095950691826353,1.3033383946402524,0.998046875,0.3718442693936154,1
0.0004387387156374184,0.5269657240048445,-2.826639977416804,1.5417653534189906,-0.025926093572321347,-0.13410549561829999,1.232437328221054,4.368405330835794,2.8007138838444825,-0.6324743144565508,-0.3494398476995188,0.33945543376673704,0.6568148689952056,80.841796875,0.04348910813378052,1
-0.003239088194875228,0.9912566694934816,-2.5126608453813244,1.9988821482294483,0.01634713578191987,-0.28545473412295397,-0.6163638751001699,4.511542993610773,2.5290079811632444,-1.2613425745814133,-0.7714622818818319,0.8522050976981486,1.2465755462046977,1.99609375,0.7741566935165697,1
0.0046179642745426686,0.728175316412993,-1.854143367630476,1.9557271289235179,-0.002536985791527214,0.030162363040720203,-0.5936103497105703,3.8098704965539936,1.8516063818389488,-0.9245261211915001,-0.5599614049105122,0.5572894820101535,0.9439255528123891,0.998046875,0.12506271674503538,0
-0.0028768335219888364,1.0018539042656263,-2.1234610246724124,2.269836851918359,0.08096863652237248,-0.04291708698123876,-0.9017769838313541,4.393297876590772,2.204429661194785,-1.277626986057716,-0.8392740679767856,0.8537496015899326,1.26056674824251,2.994140625,0.849997164640491,0
0.005307865081383686,0.6707674479189896,-2.2492250786258903,1.8199527354714502,-0.018699200871440384,0.02628023722250568,-0.29943973160388015,4.0691778140973405,2.23052587775445,-0.8166297976667898,-0.4713502866055673,0.47568176620825897,0.8924283323425183,0.998046875,0.0656638819116341,0
-0.00027255303206246903,0.8112118717858301,-2.124666202892932,2.075746989577147,0.03652510855634608,0.010449886728400706,-0.5570517653374791,4.200413192470079,2.1611913114492785,-1.0577668681133443,-0.6473825286654787,0.6026383577990383,1.0690147982510085,143.71875,0.14446812325734168,0
-0.003543127045827714,0.8773605295756116,-1.733140443409582,1.9183486106866632,0.01590050116379415,-0.01339508697048794,-1.0812836150923675,3.6514890540962455,1.749040944573376,-1.1794367258376912,-0.754250436612963,0.7623244784602936,1.1105368925947425,28.943359375,0.49382620931298754,0
0.001927059877531792,0.8632624162077488,-1.8203961979283771,2.0086077412158745,0.03128534822408695,-0.024871515660993194,-1.0308487102157842,3.8290039391442514,1.851681546152464,-1.1742119324967077,-0.7377607327233192,0.7034764821227049,1.140303437484464,0.998046875,0.40174367954208473,0
0.16447526759914982,0.7712344421747012,-2.2034564489111665,2.13522598045787,0.3479189830998411,-0.5507123701175966,0.57149530119412,4.338682429369037,2.5513754320110076,-0.970474752822601,-0.13956396231475052,0.42018478438439943,1.0535774768328987,4.990234375,0.2570543088772614,1
0.006308445113640157,0.7420315259901751,-2.2014399730599874,1.7574863656167394,0.04404574766252661,-0.10895612124174835,-0.6394483560199524,3.9589263386767266,2.245485720722514,-0.9283567105596972,-0.5760005675380335,0.5779524370802817,0.9766822014923305,160.685546875,0.2030070807184106,0
-0.003981381289477198,0.6438942515982717,-2.02707596463286,1.6647134458741635,0.03455170038633201,-0.22781811724469944,-0.33752533806830565,3.691789410507024,2.0616276650191923,-0.8781443708518901,-0.4796566583479444,0.47806575366177184,0.7838435750993836,0.998046875,0.09213605644980498,1
-0.0018978965107230598,0.8011169992413424,-2.138380217308964,1.5255291164650395,0.0691431647528564,-0.17229884663426662,-0.7416168725862948,3.6639093337740034,2.20752338206182,-1.0720516114389966,-0.6055402228468614,0.5767959920804162,1.0946654433802139,173.66015625,0.12228690924382339,1
-0.003057448696871856,0.7941820563881958,-3.2811314692813762,1.5463003495667258,0.09073218154227652,-1.0822704101444796,1.8260765057171593,4.827431818848102,3.3718636508236526,-0.945391583169501,-0.40747779706555953,0.5565056993814962,0.8946094394567364,0.998046875,0.26847930582283835,1
0.03356176651088627,0.9807130782976958,-3.264367011025368,1.6652018747462023,0.11763937343872405,-0.5034284443559666,-0.022732331588324772,4.9295688857715705,3.382006384464092,-1.2093751652544342,-0.7205723580477117,0.8645549884267498,1.263527431719021,2.994140625,0.6664247578507002,1
0.004921587899065716,0.7099434427117776,-2.8811654182349944,1.8227904234552328,0.034352718327277154,-0.7254933097955596,1.3336732260845423,4.703955841690227,2.9155181365622713,-0.7966472052713797,-0.43287608572778613,0.5773379803473678,0.8373427216345765,1.99609375,0.15750110411136226,1
-0.16077263214659848,0.6988451032319801,-2.0848756129501473,2.078268923275402,-0.3981846648999782,0.667462105877993,0.6177923298845549,4.163144536225549,1.686690948050169,-1.003622558876502,-0.3981846648999782,0.21006214214647478,0.8992998043270813,6.986328125,0.17077704879333108,0
0.00818438043165512,0.9048503410860668,-2.122880988844785,1.8601950311789213,0.010935017513400157,-0.10147360980974096,-1.0362309536017655,3.9830760200237063,2.133816006358185,-1.1850307986460837,-0.748131532506376,0.7876818847169448,1.1546945368124448,0.998046875,0.54376109334699,1
-0.019094844898095736,0.9833884383116704,-2.8619540905019965,1.8562075739302475,0.02318878452111038,-0.13545748400425228,-0.9173614151965999,4.718161664432244,2.885142875023107,-1.2253503070520888,-0.9246763568506653,0.8227653774697885,1.2881288054057518,0.998046875,0.7882406848800886,1
-0.026057286386551304,1.0177718641377524,-2.6494072847001373,1.6973032433150117,0.017504879356521248,-0.33445422509665196,-0.5980623617397929,4.346710528015149,2.6669121640566584,-1.231348295907212,-0.7536660413033058,0.8380905294326381,1.2913716677635678,1.99609375,0.35836974854031284,1
0.008372228343424326,0.8082412049558465,-2.13710434500642,2.0159745869900005,0.020609684219253403,-0.06750175812082108,-0.4995813710676571,4.15307893199642,2.157714029225674,-1.0954062233197668,-0.5349891111406617,0.601747262481388,1.0708346142588274,138.728515625,0.15016483930631275,1
-0.01500227284008989,0.9616669150879366,-1.8436208915537002,1.9448672422587028,-0.042575284441168204,-0.004057397943102037,-1.1746281548984883,3.788488133812403,1.801045607112532,-1.3502229703050619,-0.8674377524092828,0.8797087950822907,1.2466992854980268,1.99609375,0.8507979643969115,0
0.26320672514767807,0.96720303303258,-2.5559743522993332,1.8623444904929212,0.3017264957673194,-0.6611187388233031,-0.37705809760724085,4.418318842792255,2.857700848066653,-1.0610083670137755,-0.5200881450904976,1.1962661402304633,1.1962661402304633,3.9921875,0.48341162815587624,1
-0.0006429863400461422,0.6183769965980968,-2.0522082966804693,1.6912719516007553,-0.012658041865144177,-0.14261212417595123,-0.12435416434956403,3.743480248281225,2.039550254815325,-0.7879790060150456,-0.40347921732606173,0.43511247533659697,0.8091570035717616,248.513671875,0.07217263341353532,0
-0.022460700497581407,0.6285072235273265,-2.14716610196562,1.997010948774688,-0.1865396499372509,0.1186195517484002,1.2991952750805753,4.144177050740308,1.960626452028369,-0.6187841104734669,-0.1865396499372509,0.5773190861878711,0.7369396711762443,8.982421875,0.10309056310241889,0
0.010177954247399609,0.7606553183633145,-1.7328085945537623,1.9099066056957044,0.038728980452287634,-0.09425905113511779,-0.444888062665143,3.6427152002494667,1.77153757500605,-1.0570500954211315,-0.5221261027507325,0.5279789179350897,1.0354889959482572,100.802734375,0.314332495223705,0
0.0018886735069462597,0.9551500742013013,-1.7110645480641722,2.1095648858493883,0.061476293971639936,0.027593363875997434,-1.185345163294381,3.8206294339135605,1.7725408420358122,-1.294835467055539,-0.8614101457569613,0.8399855804267866,1.202128205339484,50.900390625,0.767090297874869,0
0.00351432686613002,0.8702613923695737,-3.0813938437636037,1.9535051516076354,0.04850495448859417,-0.3795195262018277,0.006823580210762348,5.034898995371239,3.129898798252198,-1.1816980950509735,-0.5624771619836914,0.628247687644087,1.120110533893815,80.841796875,0.3826807510663398,1
-0.016448635118354586,0.738223519417711,-1.857809642851351,1.9320017069236952,-0.0010369827789703827,-0.1108071279808455,-0.7104452485723507,3.7898113497750465,1.8567726600723806,-0.9755922568197494,-0.6277967006615444,0.5868306203161897,0.9236510040553428,133.73828125,0.26689512622104244,0
0.005669591804178878,1.000539691658445,-2.1291832260281804,1.9950360962531761,0.05671912219927702,-0.06134903965470199,-1.0617514299948472,4.124219322281356,2.1859023482274575,-1.3710275773953304,-0.8773101817911308,0.8521649275898406,1.3491389388637447,2.994140625,0.8434765052467769,0
-0.009842288257218348,0.7188586319741836,-1.8336649631495865,2.1446528879044386,0.026303066643232356,-0.08760052215607493,-0.059535969398716304,3.978317851054025,1.859968029792819,-0.9769790068748264,-0.4283221920780077,0.4689496587620966,0.8564548333018372,181.64453125,0.11230653771483322,1
0.0012376108111299706,0.6824662186378134,-1.5528599744385718,1.8954375961721681,0.0009805295671016048,0.09522326449449078,-0.7269226729366185,3.44829757061074,1.5538405040056735,-0.8953690187303028,-0.5456223587440225,0.5155723205416907,0.8661504092323059,245.51953125,0.06220882563374978,0
-0.0028297760060977985,0.7677871246864308,-1.7617205868989467,1.7654061984497447,0.03335828423084047,-0.08865252503347443,-0.9825666512912847,3.5271267853486914,1.7950788711297871,-1.0722415316906342,-0.6412927628661276,0.6146029251185109,0.969450692177986,152.701171875,0.3065554818774556,0
0.013723500873773083,0.7440637862818326,-1.780296518507681,1.8623294507831498,0.0007647839304285329,-0.040998143890038245,-0.5219871574285904,3.6426259692908305,1.7810613024381095,-0.9633251760280568,-0.5394011552424468,0.5425984025587756,0.9747194088520287,141.72265625,0.2918755233505954,0
0.0011040785932927314,0.7192037525692906,-2.164821405915432,2.183470000923712,-0.012392807697483736,0.0457790734239014,-0.5011559261847194,4.348291406839143,2.152428598217948,-0.8967539231895055,-0.5770411127072683,0.5503694749408727,0.8987654660818694,160.685546875,0.23697570456200148,0
0.0096697019365857,0.775429213701059,-2.4818622963159607,1.7802356788013642,0.04825387867547014,-0.36885195810926225,-0.026928688633630404,4.2620979751173245,2.5301161749914307,-0.9347909797740926,-0.5504084359446102,0.6196499147800381,1.0101598490106956,139.7265625,0.2590796936567559,1
-0.09228015497375833,0.7201959082424373,-1.2788535293976,1.3836406828950034,0.45642162490232063,-0.49855289564684596,-1.683307322508017,2.6624942122926036,1.7352751542999205,-1.0212753242059414,-1.0212753242059414,0.45642162490232063,0.45642162490232063,0.998046875,0.37390506868464635,1
-0.0014601477883277314,0.865920623803441,-1.956511094567648,2.139627676469954,0.08241547708807456,-0.1909069508491253,-0.8414234756854548,4.0961387710376025,2.0389265716557228,-1.240207182014813,-0.6596694444596931,0.7097971172575097,1.081395417902813,0.998046875,0.39650322299315766,1
-0.04771080236637837,0.8246471237928609,-1.8853718599414537,2.263751584739241,-0.0641883549881296,0.05605048934128217,-0.8395617898959742,4.149123444680695,1.821183504953324,-1.132206200993506,-0.7266111432936427,0.6584119984765282,1.0502660912084072,145.71484375,0.17348201913866412,1
0.004350594490861115,1.000587914291724,-2.1455288642987504,1.980646923481701,-0.05629457063750977,0.013538639872427479,-1.1214338508380615,4.1261757877804515,2.0892342936612405,-1.2410299713821165,-0.8237186722051745,0.9205802008092239,1.383477895889526,2.994140625,0.4793394723444459,0
0.003628071280919992,1.0039762614002405,-1.9867596534214262,2.284335116528486,0.023600448143239684,0.05982065148251579,-0.8284109232355554,4.271094769949912,2.010360101564666,-1.4190010772155028,-0.702678191285058,0.7406184145598858,1.3898653816539481,2.994140625,0.4876670431277833,0
-0.002598006928291423,0.6535169959284561,-1.7536896504231771,1.8604416520059406,0.001624929559742021,-0.01395861496301533,-0.19230952815974156,3.6141313024291177,1.755314579982919,-0.843234258765878,-0.459985203204628,0.4682285024109598,0.8187278556239947,220.568359375,0.06548680414433102,0
0.001797534289879936,0.6546853290734082,-1.8048837257455819,1.7414942611586182,-0.008327581464467904,0.030630976175352025,-0.28267912004080387,3.5463779869042,1.796556144281114,-0.8599543355101793,-0.4388450639096604,0.45864153106989514,0.8479812152592958,245.51953125,0.10922665678357919,0
0.02306729334437714,0.9789298696722087,-1.9583994701263836,2.278301547811708,-0.03415010473869675,0.04915862968153443,-1.152397026188323,4.236701017938092,1.9242493653876869,-1.2900425006019278,-0.8084786702565055,0.8661109826084539,1.304500364504274,67.8671875,0.4460870502541559,0
0.02332909828000474,0.8201033513077649,-2.0896816540521965,1.922070809339773,0.014290154156467713,0.017426808296584464,-1.0477187229082183,4.01175246339197,2.103971808208664,-1.0606462801802357,-0.6768559338371924,0.730042162338798,1.0976363639955948,97.80859375,0.34259259668586717,1
0.7693922352545437,0.6099749040081367,-2.0861532011565798,2.014975267735469,0.9793129369614921,-2.5371716722985656,5.587977355661046,4.101128468892049,3.065466138118072,-0.04699963289624355,0.9793129369614921,0.9793129369614921,0.9793129369614921,0.998046875,0.07759481623865715,0
-0.011619851398936436,0.8305462577991116,-2.1949210715554774,1.9561009304101695,0.044780369672635004,-0.05961556176298777,-0.6917818416134782,4.1510220019656465,2.2397014412281124,-1.0536629379329783,-0.6288075762968137,0.6710238685472832,1.031953031694603,98.806640625,0.5238340222319859,0
0.016709943881827533,0.8616476729299346,-2.4652171002368735,1.8648160903996254,0.054630771590964904,-0.22637139433496017,-0.6029165217444037,4.330033190636499,2.5198478718278383,-1.1047905605382535,-0.6457494798819063,0.7081421141987687,1.1261224185079497,0.998046875,0.4119236920096371,1
-0.03025433515190945,0.7909501279953469,-1.7233272581848877,2.5649999542400086,-0.09207227404630108,0.3378135080684276,-0.4881391400114987,4.288327212424896,1.6312549841385866,-1.0487625095459483,-0.5935786217094263,0.5055683600802608,1.0933906243243372,137.73046875,0.1796657721267466,1
0.014308416454038228,0.9965678155853295,-2.032742507596274,2.3639234157834013,-0.0037830282298983624,0.03702766926620736,-1.012533058885197,4.396665923379675,2.028959479366376,-1.3272464433075604,-0.8290751418451326,0.8430973921277087,1.3530208115186735,47.90625,0.6405168412125841,1
0.011604948908936312,0.647051138453207,-2.0859415174885547,1.5954653940656263,0.04254120636918336,-0.27343036572501744,0.03712517206474697,3.681406911554181,2.128482723857738,-0.8401374761795815,-0.4005143267607107,0.43420556226969986,0.8296791812017225,211.5859375,0.04023624396400016,1
0.006577061156741587,0.8096121577312044,-1.9104918202904588,2.3125729403113353,0.05219865267970812,0.0032230523338203664,-0.4417709540949373,4.223064760601794,1.9626904729701669,-1.0627430250990155,-0.5962434365500877,0.5643953281390064,0.9704482857205754,82.837890625,0.33194222820534597,1
-0.021289578772152373,0.6803357257359808,-1.6248507774275098,1.5559815080058692,-0.11392171965068441,0.2872508116000436,-0.5745433117226408,3.180832285433379,1.5109290577768255,-0.8497107869426003,-0.5170067280613729,0.4519842928750121,1.0207835475226856,46.908203125,0.07089994527186179,0
-0.029635875094150287,0.739274784383435,-1.8383893068619228,1.734764640560533,0.048573918716342604,-0.2127047804626323,-0.2208622760600032,3.5731539474224556,1.8869632255782653,-1.0471153189018,-0.4980180152621699,0.41526151243439924,0.8840967586012756,97.80859375,0.2182652851292286,0
-0.005944873628188529,0.8123209211809178,-2.0751481685955264,2.2305832848800895,0.00760429052966051,-0.035365449269333785,-0.39710970084175745,4.305731453475616,2.082752459125187,-1.1047636156050338,-0.5321613491324175,0.5732589513061069,1.0244823341202174,135.734375,0.25296085893109305,0
0.004069045040220397,0.9660982748262236,-1.9088290799933822,2.253258161443912,-0.0510445944417559,0.06684922932612511,-1.2788209841194988,4.162087241437295,1.8577844855516263,-1.2202612044750627,-0.8645435410028828,0.8981804670341687,1.2575271491285653,21.95703125,0.8264193364846713,0
0.0038460726941698734,0.6748035386317608,-1.5247869824588214,1.8218665485161547,-0.024187173377821964,0.2562595159643557,-0.16826118118704825,3.346653530974976,1.5005998090809993,-0.8730849738992943,-0.4801444932129436,0.43371197807850126,0.8896203139490909,1.99609375,0.04769409281558642,1
-0.02244769741363334,0.9785359638265544,-2.167164165421242,2.090563094230603,0.08082011834017783,-0.06670669711090421,-1.041460028103988,4.257727259651845,2.24798428376142,-1.3590484203309612,-0.8168745385887819,0.7674747308476886,1.2548056342965526,0.998046875,0.8205502825253346,1
-0.0500673206122739,0.9477280839265579,-2.251316704173855,2.297402025713687,-0.12091997236024897,0.16006153479690569,-0.8209324810091672,4.548718729887542,2.130396731813606,-1.2388330501555687,-0.8117856280704383,0.6509988264145041,1.3379505436191308,3.9921875,0.4124172818697158,1
-0.014858503010548432,0.8178410478358505,-1.896500447214745,1.7713919156019569,-0.07378775882379296,0.11742042307784667,-0.8453302804589602,3.667892362816702,1.8227126883909521,-1.053645279928764,-0.6331008152964538,0.588145321595342,1.0944388397342677,85.83203125,0.4575894296602184,1
0.3293365159753613,0.583381289101989,-1.9675878555886472,1.833899902078878,0.6141494419174903,-1.0882857507901182,1.2855769304475952,3.801487757667525,2.5817372975061375,-0.3560588388784841,-0.3560588388784841,0.6141494419174903,0.6141494419174903,0.998046875,0.10540620695728588,0
0.014385394264737322,0.7109285235141003,-2.1852539573955583,1.7122575360197927,0.009293695137264368,0.0014031992784752528,-0.41374845384851344,3.897511493415351,2.1945476525328225,-0.856104929465879,-0.5165138211847262,0.5110738671734582,0.9673326078389921,1.99609375,0.2169030339169158,1
-0.13455675053528135,0.8205531151951518,-3.562736885943312,1.651105529129632,-0.4114369023142051,-0.7931015764612285,3.177449103266496,5.2138424150729445,3.151299983629107,-0.7596963729249568,-0.44834813258822215,0.3306403765959167,0.9939985318496813,4.990234375,0.28202576365889936,1
-0.002758549483211876,0.6992946610422209,-2.012112861522933,1.5354431209164143,0.024454519292104678,-0.1369379697322533,-0.5583780810368717,3.5475559824393477,2.036567380815038,-0.9410913839692729,-0.5314163321786746,0.5337824973924397,0.933475240449256,218.572265625,0.16089153609899381,0
0.06781221290398133,0.8963990368578941,-2.166540949154409,2.2687285191854563,0.08037637880492424,-0.007649640147256962,-0.5576479332943727,4.4352694683398655,2.2469173279593333,-1.162068030758671,-0.5814866873342373,0.755289920089007,1.157648495093679,3.9921875,0.4948540838166261,1
0.020484151111569378,0.6207511446112669,-2.2546387617440824,2.136227262004667,0.03959334927855758,-0.18731959166411852,0.04565464596089397,4.39086602374875,2.29423211102264,-0.7761674996461975,-0.3969808806645204,0.4585621704828467,0.8042034507011653,0.998046875,0.0597158527911866,1
0.0010554675172173983,0.8741927488298601,-4.282406241097268,1.5762265446260928,0.054250321769244506,-0.9934508213791327,2.430893748940578,5.858632785723361,4.336656562866513,-0.9590099433244572,-0.537852220661413,0.7168609049057095,1.0258419091260529,44.912109375,0.4253825420412884,1
-0.00628911096366816,0.848225483400994,-2.085971668538752,2.1584562357707533,-0.10335316437191204,0.1496714947915443,-0.766987208318676,4.2444279043095055,1.98261850416684,-1.0616024174860852,-0.6332781742135696,0.7372048994104707,1.1099048520226407,111.78125,0.2156565025838405,1
0.10479119918222696,0.5337735099127595,-3.232411408279391,1.617532908833829,0.18385171688148935,-1.647485304107063,8.790411817192336,4.84994431711322,3.4162631251608806,-0.34467951086883236,0.04840397261306011,0.18385171688148935,0.5055183915530493,10.978515625,0.06120081134408693,1
-0.24479719522106827,0.5929089990201671,-3.231407967488398,1.5876250923852775,-0.38223792198397405,0.2451934473988452,4.699304453897194,4.819033059873676,2.849170045504424,-0.5979146976486938,-0.38223792198397405,-0.27029985293808023,0.7243958634050156,8.982421875,0.07738483254494316,1
0.003943640367622943,0.7607610059018701,-1.7142441068945737,2.09778730664833,-0.027390685386395674,0.18657279333826654,-0.44167817804011955,3.812031413542904,1.686853421508178,-1.047901004737278,-0.512834234163758,0.5343179734302845,1.0261008635120936,89.82421875,0.31632160321374203,0
0.01733296807598622,0.9812504496438468,-2.026973012024274,2.323999969098762,-0.010614247476999067,0.05520888990853964,-1.1022959260385838,4.350972981123036,2.0163587645472747,-1.3136004921005493,-0.8568350596684602,0.8717701657887597,1.316479377251481,0.998046875,0.8339886403579099,1
-0.21013186063068398,0.5994305623236621,-2.2803070497976266,1.8895815946810832,-0.2696596166588723,0.6786695301541076,1.9414542371014747,4.16988864447871,2.0106474331387543,-0.7279173677302135,-0.5498578890736974,0.018298255678625277,0.6035039036225354,9.98046875,0.08779242245909914,0
0.5048080722690852,1.0387753400655528,-1.9912041359912303,1.8770577136152553,1.201684624328132,-0.8928871694217465,-1.0794059996439413,3.8682618496064856,3.192888760319362,-1.1253470199411753,-1.1111375535761687,1.201684624328132,1.201684624328132,0.998046875,0.6432301786770701,0
0.007738390062199209,0.6045977881837948,-1.9930783315056992,1.7713533791178289,0.07011218015474817,-0.2231894269605075,0.4510602765921141,3.764431710623528,2.0631905116604474,-0.7869245909337365,-0.3655340348531844,0.3735619356921478,0.7188284507228292,252.505859375,0.04680346525663032,0
-0.011245498333178849,0.9135068341659657,-1.8547948058833679,1.826530435681586,-0.06563513770168466,0.08101271505436441,-1.216355183856164,3.681325241564954,1.7891596681816833,-1.1524518564392991,-0.8492624379645389,0.7732053483141167,1.2001915701998613,27.9453125,0.6987020864820825,0
0.004976687329817042,0.7820461103365705,-1.91822912370249,2.3321378144583713,-0.0018366414432508184,-0.04939106372299155,-0.3581363973035958,4.2503669381608615,1.916392482259239,-1.1039857385697633,-0.4919795135340198,0.6171988411364412,0.9523757026438299,0.998046875,0.1644930121852987,1
0.014253554003250984,0.8602033102145878,-2.2794602672315594,2.052169802241529,0.019665136022819697,0.006961673410994388,-0.3887856772941234,4.331630069473088,2.299125403254379,-1.0837165816830716,-0.6222356960398138,0.6649761402226272,1.0658621069324328,4.990234375,0.21640930061730573,1
0.023585070577237494,0.693185228695647,-1.7706505335644553,2.011524503913087,-0.016054046277671395,0.17626580976748438,-0.3064276212564492,3.7821750374775425,1.7545964872867839,-0.8544252686526735,-0.46067611833123023,0.4832207066106421,0.9930877967034033,0.998046875,0.08568171892941621,1
0.004484372690987559,0.848674206866846,-2.246055232160608,1.6990585992606047,-0.004479363855510597,-0.0845087295161337,-0.8038878054907048,3.945113831421213,2.2415758683050977,-1.1152229086934535,-0.6242908108507813,0.6991139944559996,1.1782833887713062,0.998046875,0.3471371153577293,1
-0.25044463199239786,0.8679886474733908,-1.953955493672314,1.959076270855323,0.5351868172636529,-0.050807222924031135,-1.7722421523206138,3.913031764527637,2.489142310935967,-1.169387529248841,-1.169387529248841,0.5351868172636529,0.5351868172636529,0.998046875,0.567021183221316,1
-0.4509998686576701,0.559207321391971,-3.821473869102829,1.6698833703242815,-0.5284957573104878,0.5174337601456953,7.047440770573395,5.49135723942711,3.2929781117923413,-0.9111974376848873,-0.7750871548836401,-0.2880308540869791,0.1580572956979385,0.998046875,0.06206803584067119,1
-0.03833592943513359,0.9194692021456686,-3.0566579450390927,2.102500413730786,-0.03151957052890539,-0.17075843715905953,0.03225253348766621,5.159158358769879,3.0251383745101874,-1.1340493822834434,-0.6762070803478324,0.5704775590692941,1.140945026616726,58.884765625,0.5013407016011016,1
-0.004728505208827061,0.8305716131861342,-1.8603942064215495,1.836070751532942,0.024760699081442347,-0.06324202311005407,-0.8422257609578367,3.6964649579544915,1.885154905502992,-1.1936542906984593,-0.6321809022473206,0.6628620864661716,1.1033296431212383,0.998046875,0.2920927431373578,0
-0.008106930208682642,0.6364757843501245,-1.8762390826402187,1.9003375001054783,0.0008283625043701048,0.04518101040544717,0.014187512616469,3.776576582745697,1.8770674451445888,-0.815635186983455,-0.46362585172603893,0.41827280609343037,0.7914821556627434,218.572265625,0.06683371429254502,0
-0.0038213799253314015,0.9170714437358185,-3.2299674992262286,1.6009993583233082,0.01895445783345099,-1.0762257449096164,1.740414086156827,4.830966857549537,3.2489219570596797,-0.9952698164127177,-0.4079629228259315,0.7123494520172591,1.0603410681851697,3.9921875,0.3642006879346215,1
-0.0041913890095472695,0.49466315331928046,-1.639335954039246,1.7305634183036216,-0.02289743114955655,0.09130545131654362,0.3311253274868817,3.369899372342868,1.6164385228896896,-0.5910704189751266,-0.33060444440028935,0.3056591467631961,0.6476697011776623,92.818359375,0.034754452947463495,0
-0.011934369099461994,0.9626565454445619,-1.8177710768812452,2.111917005130217,-0.17745377491279188,0.24413603542454568,-1.2161461406666745,3.929688082011462,1.6403173019684534,-1.14321317776541,-0.8995507691444368,0.8643635641061458,1.3504322599133316,0.998046875,0.7631913807107007,1
-0.009945256314951419,0.7360080539166193,-1.7735106904607705,1.6338928800360384,-0.027648868402350833,-0.023277110774073205,-0.8531225418582595,3.407403570496809,1.7458618220584197,-1.0026512571144008,-0.5895997827118634,0.55507875493751,0.9470889473291708,164.677734375,0.2701433358000209,0
-0.025016397128102365,0.7851344894591337,-1.8493233983581185,2.1042313578868086,-0.019193599931839132,0.055720982855278434,-0.5333150655569945,3.953554756244927,1.8301297984262794,-1.0916471324083337,-0.5754432681336772,0.5119359547263478,1.0249565865914338,127.75,0.1005566291354144,1
-0.027728117822454858,0.8690235049700452,-1.8043662048004028,2.1120411402735018,-0.00035604563718165524,0.11083207285019513,-1.064904107394856,3.9164073450739045,1.8040101591632212,-1.1333593603902772,-0.8086139105375676,0.6965109096493841,1.128271032166533,22.955078125,0.4572197884082837,0
-0.0025240299569814217,1.0122287467233815,-1.9338321696970076,2.2017087121790957,-0.023274555533248448,0.06612162554826181,-1.1945284335740523,4.1355408818761035,1.910557614163759,-1.3594913882840534,-0.8561511784518387,0.8852896705979587,1.3727535512673266,2.994140625,0.851430895995831,0
-0.013384910530209224,0.9696329805165056,-1.9473159984169635,2.0692077953107613,-0.1356314027060183,0.058964683495987005,-0.963232751782471,4.016523793727725,1.811684595710945,-1.2679572227854259,-0.7516701099920475,0.8265976874436616,1.2842643224413401,2.994140625,0.6997645485610627,0
0.0009502828222280046,0.7855257430043768,-2.0007728990693283,1.8353729059637942,-0.04069978247163103,0.015761134838720638,-0.9367714840549759,3.8361458050331225,1.9600731165976972,-1.0425150273059078,-0.625951721953196,0.6554664609993437,1.028872790459322,123.7578125,0.42621987943656403,0
-0.0008023397403487797,0.6949511094541201,-2.2197083161329565,2.1448173304656963,0.012009543218750238,-0.06924399212744364,-0.15562901694032183,4.364525646598652,2.231717859351707,-0.9369677306686559,-0.4619953613675515,0.49713157750699455,0.9119523480577088,178.650390625,0.20027374574840706,0
-0.016713492848667022,0.85887432061732,-2.894001868304918,2.0031538356018554,-0.024499192996708236,-0.30013390326953204,-0.2114761043894111,4.8971557039067735,2.8695026753082096,-0.9897597551585692,-0.6967829195744291,0.7038736653880822,1.0800162742285502,96.810546875,0.39476121168331657,1
0.018284890062007564,0.6181992340035074,-1.3477641450891362,1.5492988380679271,0.044791176360453315,0.07742225966728697,-0.3713732276584798,2.8970629831570633,1.3925553214495896,-0.8198262214161868,-0.428769261825919,0.41391473396623224,0.8121704197161274,63.875,0.08071012177966706,1
-0.00281473630166984,0.8195403939940629,-1.7310339839612037,2.022261938360466,0.007451073785578867,0.03965581187070383,-0.9426162761768602,3.7532959223216698,1.7384850577467825,-1.072154210695265,-0.6915541000496634,0.6528522112132218,1.0395007495535524,125.75390625,0.39906242491395466,0
0.01768235306583652,0.6783473239000801,-1.9103044196202066,1.6486891357855864,0.03113518399970187,-0.10651552067550658,-0.4974268373947228,3.558993555405793,1.9414396036199084,-0.9113351729444039,-0.469869677621499,0.5658362121366587,0.8683390912504633,0.998046875,0.09757003847645157,1
0.023103382617214535,1.000920349190008,-2.2520648547032778,2.384973497151776,-0.07642850338991952,0.17090076714498662,-0.6469987244166888,4.637038351855054,2.1756363513133583,-1.2082574410082634,-0.6908186906865453,0.7189342988090862,1.4712206641661862,1.99609375,0.3583416851132725,1
0.0007554829390751007,0.8238477593145482,-2.9501022905518672,1.6359377814055387,0.021954863704180372,-0.3424454206737266,-0.10539763067317898,4.586040071957406,2.9720571542560474,-0.9985182277158787,-0.644128446029204,0.6831843137965736,1.0258717659347603,121.76171875,0.4384252562492456,1
0.006926620062765121,1.015051943885873,-1.8869624338734772,1.9851286500599097,-0.16421944428878382,0.21786613215027575,-1.0882462263126813,3.8720910839333866,1.7227429895846933,-1.2713193291279268,-0.8061383075921014,0.9443787044347968,1.4773529566666426,1.99609375,0.49778504869519435,1
0.0360200303849918,0.8137064021748042,-2.436564391975846,2.0044861525873605,0.05433383729949527,-0.09394107918154684,-0.6561103348348549,4.441050544563207,2.4908982292753414,-1.0114227268817486,-0.6258413348681693,0.6877056318331322,1.0982713062108087,0.998046875,0.4229173588208164,1
0.022867757997457945,0.7691854478146818,-1.9454649724190312,1.9551939509075462,0.009199739779664165,0.0643849618796173,-0.7852466848557293,3.9006589233265774,1.9546647121986953,-0.9654263666986896,-0.6056374829230513,0.6592508351126993,0.9854722131328902,130.744140625,0.2729788898042232,1
0.009232863816082506,0.9907059423870337,-2.0452525112909266,2.0687637649581627,0.062167188764467786,-0.009517498519369701,-1.081966357129443,4.114016276249089,2.1074197000553943,-1.3350461168222534,-0.8179447808353582,0.8281843384787291,1.3585590617031855,2.994140625,0.8271710593078306,0
0.0064156020104155775,0.8147318220692714,-2.0070021402224447,1.7416200486967117,0.01521931362942971,-0.053584053816697244,-0.9243564657852672,3.7486221889191564,2.0222214538518744,-1.0803524004964205,-0.6210105334543693,0.679970250959424,1.104197835984838,126.751953125,0.4011253764446815,1
-0.04129387114666372,0.27546757110905745,-1.5847049257624906,1.9507028445748316,-0.09252470201401843,1.3856994247844137,13.0664514006431,3.535407770337322,1.492180223748472,-0.09252470201401843,-0.09252470201401843,-0.09252470201401843,-0.09252470201401843,0.998046875,0.005149477462094281,0
-0.008227554989757245,0.65125671152218,-1.901860565702324,1.8246592117230322,-0.01125758932965418,-0.013421543792950241,-0.04796107426722385,3.7265197774253562,1.8906029763726697,-0.8341324714613921,-0.3990380845446743,0.4149276199010378,0.8383987065824687,173.66015625,0.15431717742980108,0
-0.27886966219304776,0.5458004884748733,-1.8779698401860556,2.0568927648475714,-0.3727769270568928,1.4474220993315334,4.619314274825559,3.934862605033627,1.5051929131291628,-0.4428329988422187,-0.42300772412692417,-0.3727769270568928,0.46861888512049926,10.978515625,0.06202482719335262,0
0.0059874669801410155,0.607385381053222,-1.5190905713407206,1.7415703584545734,0.02528734245059098,-0.0032999822204398993,-0.43278618938259017,3.2606609297952938,1.5443779137913116,-0.8260504065582112,-0.42553877214535674,0.4271107887134512,0.7913148206364913,115.7734375,0.04820187887011154,0
0.031695618119127356,0.9013842458208101,-2.0047108425688007,1.9331149123689857,-0.03022953539580906,0.013512897490660767,-1.1285242623720613,3.937825754937786,1.9744813071729916,-1.1112198481783464,-0.7450177891678387,0.818137166039921,1.2430294801258075,0.998046875,0.5932074610529392,1
0.014158308579135779,0.7793889260839055,-1.5695742652966083,2.0539941252020375,-0.09712169300021668,0.4025777328137817,-0.708470265447974,3.6235683904986455,1.4724525722963915,-0.9008922460264537,-0.6266351943613092,0.6392874286178727,1.1547923328089296,56.888671875,0.14736355696662895,1
0.025163517417027784,0.7253013686914416,-3.2140869357020536,1.4317405841730078,0.015083804484397821,-0.7263458311215003,1.609081175372478,4.645827519875061,3.2291707401864516,-0.8181901345314341,-0.40885910303020695,0.5570386754886618,0.9761814293410583,117.76953125,0.150827074882231,1
0.007014697107866837,1.0168030803704602,-2.3366250078272404,2.1402700558325076,-0.041247853921742045,-0.034820497896333055,-1.0534866057831331,4.476895063659748,2.2953771539054983,-1.28145620979608,-0.8457304477410444,0.9286997818984953,1.2686736577849613,2.994140625,0.4333949285825747,1
0.038915865798395226,0.439624569794293,-2.070953976482806,1.945875279508752,0.14675515548194795,-0.4853806642041925,4.912047335458532,4.016829255991558,2.217709131964754,-0.4259769755366632,-0.18704864789987705,0.25318608027735723,0.28830692454554896,94.814453125,0.018521943579300378,0
-0.07036527706624855,0.8450109730593232,-3.234035227774779,1.791595895544491,-0.13304559121347406,-0.3693702103238963,1.3078250632051898,5.02563112331927,3.1009896365613048,-0.9413334497636634,-0.45919491390555117,0.4440027612303935,1.0928196004359,3.9921875,0.3789201034021727,1
0.010989419470924704,0.7526639809882797,-2.039588794221276,2.152543976403362,0.03663535069911543,0.0180322426609352,-0.7706323661680088,4.192132770624638,2.0762241449203915,-0.9813488065290817,-0.6026028881173727,0.6142148215695689,0.9758302999783552,124.755859375,0.3196315949307785,0
0.0040073551760881065,0.9880835232561728,-3.355617316275357,1.9327903973915541,0.00875896393580113,-0.3934545212992707,0.03415542742437738,5.288407713666912,3.3643762802111583,-1.2252315299538163,-0.6903610894507985,0.7923972483562212,1.2889067979416367,2.994140625,0.6938654801737982,1
0.029535599905922055,0.7166503844397896,-2.3907224754277716,1.618601900884761,-0.0024230224118482534,0.009525217643299501,-0.5454939518918618,4.009324376312533,2.3882994530159234,-0.7972757971666484,-0.538900065482316,0.5811107329842329,0.9785069484527352,0.998046875,0.16945358372796063,1
-0.000684106526565172,0.8783335786707945,-1.752064177207896,2.1019222878953365,0.004645294217563932,0.028920188040444453,-1.0660594333491635,3.8539864651032323,1.7567094714254599,-1.1582954836883255,-0.7760450347631198,0.7562007182075263,1.1892183472665008,45.91015625,0.48851599478753893,0
0.011198677533610278,0.8769149039964566,-2.223037252876905,1.7868403694830306,-0.05354125730723518,0.03850240729436594,-1.1687881915857696,4.0098776223599355,2.1694959955696698,-1.1048426755366703,-0.7199334186098729,0.7927188520518014,1.1461691299745451,60.880859375,0.528181107707089,1
0.0019857053921718826,0.6760180926204067,-1.7964723031513115,1.7311332808690172,0.023552226958844156,-0.1862248867480076,-0.46224576000795947,3.5276055840203284,1.8200245301101556,-0.8910020593947254,-0.4761379005875216,0.524306663055006,0.8215669574056595,105.79296875,0.06282679757218,0
0.0058079639101858704,1.021547556684032,-3.4222550463492194,2.0519629441621206,0.06164020932664649,-0.5070393971536766,0.31333146082081154,5.47421799051134,3.4838952556758658,-1.4166973635900713,-0.6144125848713369,0.7661671217612632,1.2736591890265692,2.994140625,0.43608237313630555,1
-0.014153166999406983,0.8564791405650473,-2.0507804018246416,2.281058573821451,-0.06620632337820156,0.3736375438329011,0.08054905054234585,4.331838975646093,1.98457407844644,-1.1100202065795948,-0.5386206390161432,0.46887483616865705,1.2092950246441354,3.9921875,0.39075677006729725,1
-0.0009633701844821291,0.9687611395375629,-1.9697882414936358,1.8641106534584546,0.016275786681659757,0.04624582966744324,-1.1762864562964939,3.8338988949520907,1.9860640281752957,-1.2403498136034736,-0.8565201235851438,0.857201527915743,1.329568694794777,1.99609375,0.8489629221617636,0
0.00418590389603736,0.8528118463034811,-1.7002548529686545,1.8807510623221733,-0.007216906996365129,0.07674931184435345,-1.1218551672242172,3.581005915290828,1.6930379459722893,-1.1169693687538091,-0.7692202391736087,0.6981222913248638,1.1816531728770285,104.794921875,0.5263562322048546,0
-7.545581441954774e-05,0.7628121325321133,-1.7171747620463882,2.0178486989539532,0.014825262135262605,0.03997240027155267,-0.7682618180143552,3.7350234610003414,1.7320000241816509,-0.9493766415149633,-0.5925877321649491,0.6030344634727791,1.0012091012963453,156.693359375,0.3239224303268294,0
-0.013511418121045324,0.7148631062240979,-1.7527973806988368,2.131763412135855,-0.04853010938158989,0.09936247539668223,-0.5097946801108497,3.8845607928346917,1.7042672713172469,-0.9421207093342117,-0.5381140616413804,0.4907513172717313,0.945989439030863,158.689453125,0.1457062442680006,0
0.015403017215190704,0.8437748356360708,-2.7180320707968266,1.6181307218680239,0.09934171868557953,-0.5372973286262764,0.14926763749894922,4.336162792664851,2.817373789482406,-1.0112093808911928,-0.49955551984540747,0.6484137694792449,1.0703960900698262,1.99609375,0.4479183426630223,1
0.03130862989961303,0.8954543827465571,-2.550789184411955,1.9761582837079517,-0.06412905325004914,-0.04266013256130321,-0.699361931961838,4.526947468119907,2.486660131161906,-0.9974712662702221,-0.6698852242333171,0.8366077219735966,1.2741135557302348,0.998046875,0.5090106891236796,1
0.0022069848560221338,0.7400249781101906,-1.8092612508236143,1.8948976624097675,-0.028692639479307332,0.06564758003811738,-0.7299639946365053,3.704158913233382,1.780568611344307,-0.9592842350986256,-0.5800882005106593,0.5836650562850294,1.0231063375672762,167.671875,0.27129950276092474,0
0.0008058103429721686,0.9478191796753439,-2.456041258031174,1.895831016004546,-0.0343054485330866,-0.19293399455402213,-0.7049974653024838,4.3518722740357205,2.4217358094980876,-1.1645093967003601,-0.7143029403380129,0.8663898200326459,1.2609689373682178,0.998046875,0.7787392643214764,1
0.006679288166819623,0.7221086158445108,-2.4468932937635186,1.725064443250145,0.027943570343864074,-0.38652673475822114,0.25585485083957415,4.171957737013663,2.474836864107383,-0.9152960285530581,-0.4411908126938568,0.5517081257976171,0.8782681145853687,109.78515625,0.1979999484610849,1
-0.004124317883674657,0.7927574842336783,-3.5949046586000954,1.6137201644052666,0.06268296747218548,-0.9553836107902032,1.7771683450698168,5.208624823005362,3.657587626072281,-1.008618628816446,-0.4197568467453184,0.5277515385686371,0.9246119759755246,139.7265625,0.19832497483867237,1
0.010964030140766802,0.856108900831451,-2.515871340374485,1.8631541701949341,0.045110707093316896,-0.37773326391982076,0.21830543047253093,4.379025510569419,2.560982047467802,-0.9939565434316721,-0.5504616491180963,0.5328686267799476,1.2096783941425577,60.880859375,0.275058019991917,1
-0.01174862337979532,0.8503177982371309,-2.8976837547260716,1.7706891746098834,-0.0897359373144756,-0.05657403465534656,-0.48714222719342537,4.6683729293359555,2.807947817411596,-0.9843111436814375,-0.7036669460761252,0.7265535869766924,1.1365773352091368,0.998046875,0.36778417527403934,1
0.013611295235401416,1.011860960835677,-2.402187993993429,2.2341444518600846,-0.13862649692161588,0.22108804412155908,-0.9085695969435319,4.636332445853514,2.263561497071813,-1.1898708177325714,-0.7901948045270476,0.8870524752657118,1.4797004820091693,1.99609375,0.38566240384975436,1
0.0002948204219696826,0.8221451525864487,-1.8128800430373269,1.9304087380248371,-0.004646735600034698,0.07196963414029023,-0.9714701309951383,3.743288781062164,1.8082333074372923,-1.0643771264949529,-0.6841601270370896,0.6729156513945693,1.0975064009752498,0.998046875,0.22328307592500687,0
0.053074948991533116,0.7938721813474291,-2.720177514711826,1.8225130200209534,0.07304435677550203,-0.10350304537205557,-0.6381028855225424,4.542690534732779,2.793221871487328,-0.9803869029352315,-0.6360321715206985,0.7093313867477062,1.1158143371449458,22.955078125,0.3285020416979537,1
-0.04216490156078562,0.9535067591962195,-2.0845142094350586,1.8992296889911375,-0.20227115398960063,0.19386484599344103,-1.1623233966130415,3.983743898426196,1.882243055445458,-1.2277114688014155,-0.8611925576191048,0.7927577545307881,1.2895508721669762,0.998046875,0.7454807174103452,1
0.007482633313566342,0.8246619775318831,-1.6948795051462109,2.020151999233631,-0.10761088453331036,0.32079962506763016,-0.7877396614650083,3.715031504379842,1.5872686206129005,-0.9977470869690322,-0.6561828152585576,0.6182555590094804,1.1705324287087897,126.751953125,0.37444267217942145,1
-0.0013070352958352294,1.0123500210391552,-2.575833037663334,2.313854103440813,-0.14193246510787216,0.11385449050613278,-0.8588852203204747,4.889687141104147,2.433900572555462,-1.227712582433553,-0.8506981103665947,0.8601096772286407,1.3597714453151655,2.994140625,0.6258075555698925,1
0.007236397921451976,1.0446519925082294,-3.1948479940248045,1.8402882459074967,0.017417786411938467,-0.5490052056586784,0.03696109391254376,5.035136239932301,3.2122657804367427,-1.230042956862622,-0.6743829580600754,0.8598738107797422,1.3151605810270144,1.99609375,0.5906564231208116,1
0.029723678648558793,0.9389239841793532,-1.8811837821942425,2.2072989609873837,0.07677117069630565,0.06272778477804095,-0.7565929358019883,4.088482743181626,1.9579549528905482,-1.2559783941646645,-0.8251236676652776,0.6312830364502438,1.2907887871741488,2.994140625,0.44032549060814663,0
-0.005473894890893227,0.9283689113707645,-1.927167144779261,1.9823750009460037,-0.02079066776873948,0.034955088111279085,-1.1064467790661263,3.909542145725265,1.9063764770105216,-1.2193965970645602,-0.8266639575583492,0.8100988267939024,1.2405749497203655,0.998046875,0.5458611172171187,1
-0.005934444183317636,0.980170743650881,-2.1001388421869907,2.0412561228135506,0.030290486390631997,-0.005638116199819333,-0.9748541284629901,4.141394965000542,2.130429328577623,-1.3474756701307868,-0.8615627451151168,0.763316159016151,1.2855422459034174,2.994140625,0.7270897343052584,1
-0.02239422933393724,0.6997955411081471,-1.7727230858822183,1.9056328847533377,-0.06342556505747496,0.1907913445264194,-0.5583245969069308,3.6783559706355557,1.7092975208247434,-0.9057905801290932,-0.5360273107427047,0.46781272579132804,0.9425947908495295,225.55859375,0.08136642852895962,1
0.01976984957192645,0.6179098626300114,-2.439540889581993,1.5666067448163168,0.10222145595775728,-0.3240244595155642,0.14525324583420796,4.00614763439831,2.5417623455397504,-0.7979129005194353,-0.4040225933842639,0.4285862953936286,0.7405242342121288,251.5078125,0.055868778452031975,1
0.06376481554378849,0.800313942234889,-2.92229584656903,1.8300201682521398,0.09870835865214472,-0.31139843840982284,0.11587782342648056,4.75231601482117,3.0210042052211747,-0.9153885548271747,-0.5921595489181193,0.6573442434721167,1.1089050208869848,69.86328125,0.3772568740721099,1
-0.0008502118818161262,0.6475126863679709,-1.780801610460469,1.9082587976857286,0.004102084109089113,0.13553617888036543,0.016116949808410386,3.6890604081461973,1.784903694569558,-0.8494153062707755,-0.4515840541158446,0.4143496591928263,0.7893153311624025,194.619140625,0.1330930261944157,0
0.030114787379219854,0.8605119266692884,-2.1660275481524316,1.8809041322149676,-0.04906684930541316,0.07745950788013754,-1.1133328178722044,4.046931680367399,2.116960698847018,-1.0386440902529965,-0.7044158211488445,0.805324784151533,1.1967950895667079,1.99609375,0.4021207078454265,1
-0.0019281978407271472,0.822300935082926,-1.867812774218961,2.0364767334927167,-0.013570876322536712,-0.047550402303995716,-0.7796657711830091,3.9042895077116775,1.8542418978964244,-1.114132867279871,-0.6389393656998825,0.6402769301635074,1.1186509680367607,0.998046875,0.22659303520490648,0
-0.0015686101897836942,0.6337823250225646,-1.5988352807922936,1.273770495472419,0.02498723601488186,-0.15178282812061802,-0.7399708856242664,2.8726057762647126,1.6238225168071756,-0.9136627813131868,-0.4508038684168604,0.497582441863242,0.8508346660119882,212.583984375,0.06397148644721992,0
0.013034819460602809,0.6957227957771384,-1.7607263410939118,1.5759481582397044,-0.056351817121627124,0.17534993539617091,-1.034919626695083,3.336674499333616,1.7043745239722847,-0.8476374764427463,-0.5969503870824575,0.5512335062092891,1.0150124344398568,0.998046875,0.2666986688406481,1
-0.00018200546531274564,0.9770738078461454,-2.3515602691544286,1.8962952547438552,-0.11516428941832255,0.03161155611412925,-1.0115002132818887,4.247855523898284,2.236395979736106,-1.2164648689569206,-0.7950590865406573,0.8920196284147869,1.353822590299756,1.99609375,0.679143527614269,0
-0.00023942503724587796,0.7410642154157969,-1.879134343359129,2.2613149621707302,0.04140781061757072,-0.004537334719639922,-0.5185952722898466,4.1404493055298595,1.9205421539766998,-1.0624370052706626,-0.5355822643103483,0.5068778422016067,0.9811845648586044,163.6796875,0.12876700713014114,0
-0.0014431651397241452,0.8557668346424928,-3.0355235331177073,1.559176927428132,0.08197601816061623,-0.7327202593488231,0.36967345782312755,4.594700460545839,3.1174995512783235,-1.1147470482067439,-0.495763955167094,0.6936479539594749,0.9905244341521674,131.7421875,0.2834232235210034,1
0.012699594241664502,1.003605206214375,-1.9593705362701925,2.271598247549435,-0.036971359533674225,0.23429052717570775,-0.9454311195791565,4.230968783819628,1.9223991767365183,-1.1719920017148364,-0.8684548485247298,0.8141083925337453,1.4641265246020367,2.994140625,0.6785013835816909,1
0.007503887079063994,0.617691280421358,-1.717206531279671,1.5516021439082086,0.06101521115594291,-0.2206868875940906,-0.38544159877826045,3.2688086751878798,1.778221742435614,-0.8349309529339852,-0.4309431825054641,0.45481426557272236,0.7097796127636898,112.779296875,0.04861545873983648,0
-0.005037411825208421,0.7026071793870589,-2.503870179494805,1.747033059928962,0.042704683145623985,-0.48694744013361474,1.024590674013262,4.250903239423767,2.546574862640429,-0.8396096294854004,-0.40743430931960395,0.4185374623914818,0.8630175135796452,0.998046875,0.08357227759874483,1
-0.00109894000895157,0.8648151537783796,-1.8796167642285166,1.9591616807149133,0.024646619699869997,0.02381314335416715,-0.9216378878885587,3.83877844494343,1.9042633839283867,-1.1650022895499865,-0.7336904467914425,0.6886790562937832,1.1992164448663718,79.84375,0.4851968621525844,0
-6.440846094398281e-05,0.6498808629481033,-2.2152052116458028,1.7176998338132317,0.004975313388523212,-0.1725132028250694,-0.12284808183874985,3.9329050454590346,2.220180525034326,-0.836233649492717,-0.4613603071255467,0.4634149429330956,0.8306080813218436,172.662109375,0.07321351061926283,0
0.050261310298596346,0.7415927045101002,-1.6012857206005846,1.473907339246704,0.09513358224149923,-0.1249020649436341,-1.1101042848116842,3.0751930598472885,1.6964193028420838,-0.972144930751771,-0.5626159208555574,0.730778921926046,1.0097650850722921,0.998046875,0.42720186759836426,1
0.007270914231270201,0.9822978006940633,-2.175795104166531,1.9629475617260974,0.05855263179176221,0.034028390641251086,-1.1354812060642543,4.138742665892629,2.234347735958293,-1.3013951001559363,-0.9084624795605942,0.821617941263392,1.362696740977808,15.96875,0.8575938581886136,0
0.00370045526156898,0.8522421021711576,-1.9115486180869035,1.9859129146043444,-0.024710352266637273,0.012333764912419587,-1.0058373172207644,3.897461532691248,1.8868382658202663,-1.103658154240918,-0.7161954171386887,0.7577373511872472,1.101694185397393,63.875,0.4976182655015644,0
-0.0028660372954375096,0.9409362157409987,-2.2496359812168927,2.261583316360228,-0.025374239695941898,0.1597998506285337,-0.7310656249937608,4.511219297577121,2.2242617415209507,-1.2453334350799978,-0.7957870156025044,0.7300931705699,1.3501101943463452,2.994140625,0.4345820221542303,1
0.0037896604388016064,0.8212464046030593,-1.6386970496917226,2.057710387343372,0.029995308301707522,0.18695518551094456,-1.0149504527312743,3.696407437035095,1.66869235799343,-1.0158637447947685,-0.7429410335895706,0.649491500829809,1.137643436533584,99.8046875,0.40159501454248364,1
0.02825914400135339,0.8216134173000559,-1.9822236095443488,2.2318255134394454,-0.050871120213049584,0.15460942209519302,-0.7003881746544942,4.214049122983794,1.9313524893312992,-0.9964573112781825,-0.6021373353969426,0.6908702058304944,1.1855582793343196,0.998046875,0.3350622481792179,1
-0.001482316124939445,0.989594844810642,-2.0353404291560797,2.182759942586605,-0.1485268030881928,0.2374660163547307,-0.9857887553060594,4.218100371742684,1.886813626067887,-1.1319580663066162,-0.8535150287860804,0.8258352202928281,1.421666697184733,1.99609375,0.6030410640011303,1
0.051041438426155314,0.9094790325006423,-1.8420280004142642,2.1687130093534743,-0.0017724120387246443,0.008818506678062702,-1.0682951658741962,4.010741009767738,1.8402555883755396,-1.1608328780447958,-0.7372885482994405,0.8683940306401574,1.2767379759691335,48.904296875,0.48928297809651056,1
-0.0013001851010488895,0.8763915968605902,-2.9417250118240985,1.6372012760542025,-0.01783156429167109,-0.44312432352895526,-0.0965254908392077,4.578926287878301,2.9238934475324276,-1.0144075063712257,-0.6076872613292105,0.7382308781752176,1.1180016991294697,75.8515625,0.5143839387051788,1
-0.010826195599684826,0.782013630265962,-2.4078933094038155,1.7734790377134706,-0.006472630352843411,-0.15788271789106056,-0.1321747209468791,4.181372347117286,2.4014206790509722,-1.05629165282849,-0.48595465741626315,0.49830721658408966,1.1070064181851123,4.990234375,0.26818909163704385,0
0.00858626377794089,0.8847355975763798,-2.010924045153379,1.5071754228676164,0.03434102450297935,-0.15410912194826948,-1.06856901985688,3.5180994680209956,2.045265069656358,-1.2329527246678489,-0.687471787493064,0.8017501438892514,1.183551325423683,92.818359375,0.4174944712942136,0
0.02487229387403586,0.9404122017056662,-2.7379383758824867,1.7099475626252998,0.09043067034773644,-0.2534584752832287,-0.7951714398407841,4.4478859385077865,2.828369046230223,-1.1797347783635819,-0.7388504579028382,0.8153357370229616,1.202407519101304,1.99609375,0.7051195608478165,1
0.00015567331026217213,0.8513145720553266,-1.8318579951653453,1.7811032092606738,0.046209110720200175,-0.07786908593328344,-1.0146540197198766,3.612961204426019,1.8780671058855454,-1.2083242095259905,-0.6745705833967457,0.7094308219140045,1.0972103440651786,0.998046875,0.29152617320982943,0
-0.019851571257016448,0.6431085904981205,-1.8338638721434102,1.9482156561105142,-0.016400818099613766,0.07200298877938557,-0.45218434727227086,3.7820795282539246,1.8174630540437964,-0.8185935103842953,-0.5379686605426363,0.4596389569842132,0.8240865273288097,96.810546875,0.08542756266857572,1
-0.03179633345525486,0.9034452570414576,-2.5618082902906725,2.5011602048257613,-0.10539105633892154,0.06180348921931367,-0.2547023971966542,5.062968495116434,2.456417233951751,-1.1666404128160646,-0.6588999480848334,0.6166520811764169,1.1203187853708099,59.8828125,0.3929101974068518,1
-0.00016130571936106425,0.9535296831252705,-2.0912566000366697,1.9100494197873108,-0.059920637071215324,0.0954346364949066,-1.0066184528274602,4.00130601982398,2.0313359629654544,-1.2508838148882906,-0.7901701764284945,0.7555093590767432,1.3801962845590943,50.900390625,0.5052672330549216,0
0.13542186836420939,0.6077976799295748,-2.3158285269814796,2.511250957733143,0.11713087761872902,-0.5080651793432186,3.014080045444169,4.827079484714623,2.4329594046002088,-0.6887566780169401,0.11713087761872902,0.4312219705028763,0.6970296553424036,7.984375,0.06913789002330874,1
-0.029439842720887177,0.8625741756893899,-2.6433939468736174,1.8873034417733454,0.008316703662599453,-0.45029270422277623,-0.22329812224111523,4.530697388646963,2.651710650536217,-1.2817966206176385,-0.5331770532678588,0.6134735168132397,1.0474056290072185,0.998046875,0.39617888797649153,1
-0.014305287395545055,0.7568466597161525,-2.4320469375161453,1.9131541937510979,-0.01947210369561809,0.004153062447734367,-0.3992735984231617,4.345201131267244,2.412574833820527,-1.0201826959731866,-0.5411166739161717,0.49781990773877816,1.0022656373460426,141.72265625,0.17577940370085177,0
0.0015092879797699663,0.62660530385812,-1.9293331685900188,1.7670372336526565,0.02772692557661027,-0.1945594605397106,0.25540969683860437,3.6963704022426755,1.957060094166629,-0.8667877664214323,-0.341980343711298,0.3679499705540663,0.8364385637785633,250.509765625,0.07774893661357377,0
-0.005224241007550069,0.9562545924349375,-2.097649818737506,2.2139413859312804,-0.06981455553814242,0.04632894416058818,-1.1624765299820776,4.311591204668787,2.0278352631993632,-1.2564470155300795,-0.840618748837959,0.8680105112865479,1.2973116446028488,6.986328125,0.8167058099000019,0
0.006171777097350732,0.9901543222916074,-1.8468454689570977,1.7520614187248484,0.07215062437773273,-0.15814565560763658,-1.2972662185936241,3.598906887681946,1.9189960933348305,-1.4214970301727883,-0.9203176395100112,0.8524009337578775,1.2722568599910542,15.96875,0.8895060148625863,0
-0.0040647476565988955,0.7050062661750258,-1.8373107894230736,1.6970078026853552,0.021755888335055283,-0.05818932175835328,-0.5551104598110514,3.534318592108429,1.8590666777581288,-0.954707686283544,-0.5349834598299421,0.5073462576456169,0.887244767211211,110.783203125,0.13183906306182197,0
-0.007382573826189759,0.6789571375221276,-2.400907728740885,1.9987270323736903,-0.004391098712743896,-0.009562374310966008,1.2471740987023274,4.399634761114576,2.3965166300281413,-0.9951276873139958,-0.11671880040385911,0.10061585663597687,0.8996965922391478,5.98828125,0.14362817614570156,1
-0.019887456790096222,0.7609990581119619,-1.6722764807164694,2.01878936380634,-0.1385588350361878,0.2776476439146735,-0.593321002742262,3.6910658445228095,1.5337176456802817,-0.9406926280797845,-0.5662475018407589,0.5569911515962856,1.0526755610405678,1.99609375,0.10746165040336805,1
0.015563931890963514,0.6900617117855277,-2.0881234156942186,2.1091539934021695,0.02768378282163767,0.08701943877786998,0.43918988936095626,4.1972774090963885,2.1158071985158564,-0.7895813064484218,-0.46390173074705604,0.4521570625480848,0.8167005693615346,206.595703125,0.0856114222409367,1
-0.04418519876625038,0.5542616021017536,-2.8394968924261215,1.4223035756604814,-0.08814634449385131,-0.46518075261855146,2.1036045241490857,4.261800468086603,2.75135054793227,-0.6535504222654944,-0.3505066927576904,0.30251585437182554,0.684999882600278,83.8359375,0.04544997996095317,1
-0.0011679919358810673,0.7195731970242614,-2.096347907830864,1.632261299260263,-0.035403355920416074,-0.03689933228179372,-0.2636026055160885,3.728609207091127,2.060944551910448,-0.8689587192955844,-0.48696165860248447,0.5058531208304733,1.030928956932287,119.765625,0.202223346244165,1
-0.020135691124708845,0.8968129631283429,-2.2558905063158994,1.774091844798614,0.049311897115521794,-0.25882107089107587,-0.6599305576389343,4.029982351114514,2.305202403431421,-1.1410624408773957,-0.697850034023709,0.6989220497767918,1.1576143541143509,85.83203125,0.46493548439729204,1
0.01763681637160114,0.8009426769089558,-2.846561779997754,1.6617318393928897,0.058838927839739825,-0.6215799583020626,0.4830377101181753,4.508293619390644,2.9054007078374937,-1.012642929075898,-0.47558553370945333,0.5988355661794076,0.9846627738785785,138.728515625,0.28219520465390163,1
0.022755254565149707,0.9100969114977032,-3.231185342851378,1.7546279807518423,0.08728395396215166,-0.6817810480032009,0.8071667097456197,4.98581332360322,3.3184692968135296,-1.0992251110247917,-0.5283547987721234,0.6420342862533724,1.1772021641601786,3.9921875,0.4737544503191321,1
0.06568664346140295,0.96297582885213,-2.2876012131209995,2.0097976645681803,0.15625466811053745,-0.11930700878823339,-1.013127523762378,4.297398877689179,2.4438558812315367,-1.1473449112172027,-0.779980251281605,0.859565197093008,1.3553225612711999,3.9921875,0.7055664793956256,0
-0.00426290538290439,0.6950768331592705,-2.0293372028833816,1.7919651061748954,-0.03565219770579735,0.01177221725424613,-0.32533583169842384,3.821302309058277,1.9936850051775843,-0.882719107085428,-0.49227256958545895,0.47590369111223446,0.9228690156887355,136.732421875,0.2390823474782527,0
-0.005110134811907807,0.967676499057692,-1.914295930868039,2.0597510291135737,-0.07240821656245276,0.12211695869514565,-1.014016930317104,3.974046959981613,1.8418877143055863,-1.2891195588401672,-0.7617720333773,0.7867465930668092,1.3732162358788795,2.994140625,0.6431020329802243,1
0.007686018680859996,0.8971375659873815,-2.0708078855563468,2.036155220607143,-0.04880251013993762,0.1312282259543917,-1.0354506191733972,4.10696310616349,2.022005375416409,-1.1059931192637271,-0.757103339348654,0.7906776328273718,1.232581639358492,0.998046875,0.6055992699145774,1
-0.004700867410412299,0.7048387067313829,-2.1168861404479635,1.9801730820950363,0.05260915411610463,-0.3313282390389112,-0.07518696888092258,4.097059222543,2.169495294564068,-0.9598227102141503,-0.4520970798090692,0.5198217679003235,0.8308284294336418,0.998046875,0.12469831691137453,1
0.006286984768886998,0.6879604595125871,-2.376236432375577,1.8989593802230988,-0.05960050891252887,0.005987325755575412,-0.02428482537341692,4.275195812598676,2.3166359234630485,-0.8311493304817056,-0.4190441808006642,0.4881086397717751,0.9318582804128241,213.58203125,0.09708626237582044,1
-0.03551837786875211,0.6286578684205302,-1.9915531632836758,1.837042045541997,-0.05625611806679219,0.09132145836399992,0.819690940434767,3.8285952088256727,1.9352970452168836,-0.8117922271252356,-0.32975523430558334,0.22903377621316348,0.8245963851455882,71.859375,0.1059947831893785,0
0.004278163600025815,0.5827067139684361,-1.8276784664220131,1.9922597380534313,-0.009774341427276189,0.04226961900690803,0.15682014852265436,3.819938204475444,1.817904124994737,-0.7317361345105524,-0.35042853191215384,0.40000840261103254,0.7369597371986055,102.798828125,0.05718091763957461,1
0.045557719665341626,0.7700536229622355,-2.5242441021398387,1.8985095762886024,0.08726048863019098,-0.5752391898982063,1.4242952432570295,4.422753678428441,2.61150459077003,-0.9344311467236294,-0.17972625359551786,0.33653967977853433,1.0512811245718001,4.990234375,0.2792847351224661,1
-0.26709290777181893,0.16731760580997607,-1.8363172841732598,1.303676028469224,-0.21130467565583655,1.2285345364243199,43.96834814711895,3.139993312642484,1.6250126085174232,-0.4094703153885783,-0.4094703153885783,-0.21130467565583655,-0.21130467565583655,0.998046875,0.004808549214239068,1
0.010157671459835468,0.877825861085263,-1.7985656484236738,2.076301694658146,0.00013055442745372824,0.055415683977136636,-1.1121556613110164,3.87486734308182,1.7986962028511275,-1.1204900982314427,-0.7576180063181102,0.7496274418005634,1.1702309042611148,0.998046875,0.6140098646555979,0
0.006706023623740037,0.8222120167644117,-2.325080949659014,2.226201770811083,-0.009396010607645725,0.07094048721412374,-0.49674406721357567,4.5512827204700965,2.3156849390513683,-1.0594441410168947,-0.5685304361283046,0.5591103273560304,1.1049734820325785,143.71875,0.26662786963318375,1
0.02426549926538396,0.884881792071789,-1.9941327922384233,2.0936420597794845,-0.018410784611980112,0.13316628279446596,-1.0174946188204517,4.087774852017908,1.9757220076264432,-1.1180737076559897,-0.7282765339141216,0.7574068517332222,1.2290494904159244,0.998046875,0.5493962201559238,1
0.004324764873058372,0.8476138424285768,-1.8866922847673526,1.877322432621328,-0.04000715399183841,0.08934206525428144,-0.8039450425137731,3.7640147173886804,1.8466851307755143,-1.0672946142412345,-0.6386644971010935,0.6815482822629986,1.2074870537425713,100.802734375,0.252090694909627,1
-0.15054123844393913,0.4667650105826127,-1.918749583510969,1.8181663555759755,-0.01757412320499378,0.7106684832161527,5.172881174190291,3.7369159390869444,1.9011754603059752,-0.3544797312261072,-0.3544797312261072,-0.01757412320499378,-0.01757412320499378,15.96875,0.03243568986756231,1
-0.05181936093996844,0.5495340890311612,-2.225272477049735,1.6054378872322816,-0.07224403677197161,0.08803931929265234,0.4754750821729603,3.830710364282017,2.1530284402777635,-0.6958024991930424,-0.41442289246732644,0.28206178596349124,0.6943951836166585,49.90234375,0.04320373053769878,1
0.0037910336216590915,0.727984761027192,-2.6513270682661347,1.540758853363801,-0.025221428793506438,-0.30433334712118143,0.23474034586919768,4.1920859216299355,2.626105639472628,-0.8614309358245686,-0.49975852905133644,0.6020577487321694,0.9659466276578076,0.998046875,0.12485477971131104,1
0.00967593721401945,0.8497878480117735,-2.7061500980319835,1.933042543110469,0.015109183923963161,-0.22110176379383978,-0.3384746011605242,4.6391926411424524,2.7212592819559465,-1.071351754844366,-0.5896859864887967,0.6786855301100843,1.1273822650943903,0.998046875,0.32873531159983116,1
0.024687744365080123,0.6921069173452064,-1.5520073196433848,1.461583442054187,0.03041742878886083,0.031049743647069247,-0.7011105840626919,3.013590761697572,1.5824247484322456,-0.8659266259117613,-0.49697350457183176,0.5094121453715406,1.0602821608972863,52.896484375,0.16004214060551766,0
-0.016303841176056433,0.986955715301825,-2.4850348488021,1.941695388944584,0.08912958806945637,-0.2917727077853331,-0.7337446692287206,4.426730237746684,2.5741644368715564,-1.290855837447599,-0.8053261791511889,0.7920114955482627,1.2588609049354602,1.99609375,0.7386378477185024,1
5.2910083644525097e-05,0.8372594878223644,-1.8903814680092992,1.9724427750616058,-0.04203882269928385,0.1078293172969078,-1.0361750024195338,3.862824243070905,1.8483426453100154,-1.037211626744866,-0.7349724445467776,0.7217863572656524,1.1384873703153964,0.998046875,0.40202110759048626,0
-0.009863546710163672,0.664726130885157,-2.0798977360211732,1.6932205280797228,0.027466440956711594,-0.09226353460458117,-0.3660711666955625,3.773118264100896,2.107364176977885,-0.8404207632552241,-0.5099427916096443,0.4980545065784718,0.8285941942165342,1.99609375,0.09473492453141186,0
-0.30335569107279436,0.9258821972842176,-1.6944020763764194,1.7345675675483048,0.4258286011109923,-0.42100286098543815,-1.7353972233086898,3.428969643924724,2.120230677487412,-1.460790496360676,-1.460790496360676,0.4258286011109923,0.4258286011109923,0.998046875,0.6338177681642821,1
-0.004285376590242561,0.8267993742741225,-1.9962891121413406,1.95844087107641,-0.043693281930065074,0.0723273705488938,-0.8132471455580879,3.9547299832177507,1.9525958302112756,-1.1160115213964703,-0.6580064396516634,0.5855260770482588,1.1583159100281706,147.7109375,0.272706474433573,0
-0.010376053189139183,0.6994208139272041,-1.9398491909921016,2.014166059004725,-0.01506898785193846,0.010838259702892183,-0.3896740156552432,3.954015249996827,1.924780203140163,-0.8881153542223957,-0.5202843214873347,0.47943151651220195,0.9226340818702548,165.67578125,0.2126829053652199,0
0.0012078197538020544,0.9737490276114653,-1.899747123199485,1.7518756454430537,0.06276010940052014,-0.08650146339676247,-1.2949841087540859,3.6516227686425387,1.962507232600005,-1.338591910841483,-0.9204514179524881,0.8999621869245514,1.2574024068889957,1.99609375,0.8728160744869052,0
-0.008302556651545227,0.8298935398811601,-1.647444137767344,1.9301049417500933,0.012207632709103952,0.09268711396417599,-1.0981872723542787,3.5775490795174374,1.659651770476448,-1.1175788414124261,-0.7726113172256702,0.6795046720648166,1.1411007867867653,62.876953125,0.4741152656178549,0
-0.013865795032576317,0.8135079340151606,-2.0733922530854616,2.0460192198458564,-0.007069743394504035,-0.0377392259288497,-0.2195492972598565,4.1194114729313185,2.0663225096909574,-1.1002271427435637,-0.5242898424570108,0.493544889018808,1.0960215252350654,4.990234375,0.37847386358299223,0
-0.01264348352135837,0.730922570345787,-1.9734110428195581,1.8017751389868653,-0.0047968537203482015,-0.0018716731644381793,-0.5253238029807838,3.7751861818064234,1.96861418909921,-0.9432159059352168,-0.5600649103340095,0.5210670192515137,0.9184747200164329,92.818359375,0.3469280039811774,0
0.09564524793391041,0.4497681277271165,-1.8798274075416275,2.1523821871610207,0.21687227096936113,-0.34850234193466323,6.268842954382425,4.032209594702648,2.096699678510989,-0.07886073473764756,-0.07886073473764756,0.21687227096936113,0.21687227096936113,15.96875,0.02967932946051569,1
-0.0025101668378536314,0.8689680172954077,-2.111746379128465,1.7888479583501404,-0.03705874654387485,-0.015637563018464515,-1.0103270437047813,3.900594337478606,2.0746876325845904,-1.1083741057621528,-0.7285403968371142,0.7544709395174782,1.0930848180974362,111.78125,0.3000199551043628,0
0.10150129402475322,0.7903619065176837,-1.5994393528860376,1.8386125506152635,0.13030210699380967,0.021009339610999978,-1.0469955302174694,3.438051903501301,1.7297414598798473,-0.942124314305956,-0.5879290798737962,0.7727777251614465,1.119986779937114,0.998046875,0.44125207497315516,1
-0.027440678500932875,0.8277252403257986,-2.8444534832896378,1.748292851951119,-0.0013353270291466494,-0.32929657599327083,-0.14966194273852196,4.592746335240757,2.8431181562604912,-1.102785872359574,-0.6267659080334786,0.6339832762886826,1.0701782500762311,0.998046875,0.3105366507884827,1
0.004830870765173245,0.8443027294257426,-3.6760238281027866,1.7721773440026505,0.09926573020258268,-0.6136551692638359,0.9206874674222365,5.448201172105437,3.7752895583053694,-1.0525351270196524,-0.5507992418017551,0.6374382234738005,1.090604402439264,136.732421875,0.22964908328595665,1
0.0019006743418192324,0.9689603856929353,-2.0636205201344175,2.155512429675778,-0.06537675911337809,0.062109387884490684,-1.0418917425009806,4.219132949810195,1.9982437610210395,-1.2106498915448518,-0.8644249821494773,0.8365888669895188,1.2761484501082814,15.96875,0.8293297023511746,0
0.024438754787022662,0.7815522329209964,-3.324352435929338,1.701441200487658,0.02511194718828206,-0.44613085984098894,0.5284889710074903,5.025793636416996,3.34946438311762,-0.9507429991808928,-0.4996686714963166,0.5996036157381506,1.0350777869118504,120.763671875,0.1930833321186956,1
-0.013319968254434017,0.5532473123321694,-2.270476776455003,1.0670063791356135,0.027719143682205724,-0.8910509021863626,1.544183476833079,3.3374831555906166,2.2981959201372084,-0.7050947694682292,-0.33665851205771646,0.3735138613603112,0.6420229903016108,0.998046875,0.04632553643218441,1
0.0072336497977896486,0.8253172332489634,-2.7927687976615743,1.8973501649536115,0.06503306351842861,-0.28340787082917085,-0.11873942214754862,4.690118962615186,2.8578018611800027,-0.9939846845335286,-0.5676830216987973,0.6058154621311889,1.0469868456661195,129.74609375,0.373992979905313,1
0.0034823988562961844,0.6467329167760246,-1.7467464654338503,1.5998822931101029,0.000553125221110133,0.030295597072707285,-0.614788711826689,3.346628758543953,1.7472995906549604,-0.8597189876250686,-0.49558651799285947,0.4737121777937663,0.8962910167753806,219.5703125,0.0856470781383383,0
-0.012651736167174856,0.6443533014053773,-2.3054525036347284,1.765445065923375,-0.008234000122478538,-0.17840226766966882,-0.08717439238842539,4.070897569558103,2.29721850351225,-0.8623638082546551,-0.4264519087380829,0.4983180476083264,0.7829268235265464,123.7578125,0.07042726593463824,1
0.03281466845052805,0.8559226340232715,-1.9431704201966935,1.840632161901296,0.1033454815484827,-0.0602918145879047,-1.1438556463839777,3.7838025820979895,2.046515901745176,-1.0875038652692248,-0.7447901270450525,0.7682307305169505,1.1378190215671942,53.89453125,0.5276486701990131,1
-0.003655907903010902,0.8832136387387153,-2.0614826541755886,1.8630103513570908,0.004225495648786678,-0.01604428868531588,-1.1790436350738016,3.924493005532679,2.0657081498243755,-1.1609338117196388,-0.7773946847570405,0.8220222883405405,1.1103864840162119,0.998046875,0.6185350132926971,0
0.01007350303277138,0.8154361128354084,-1.7492173749707645,2.269643220847367,-0.09609954670353467,0.3215197487730342,-0.6554861688751958,4.018860595818131,1.6531178282672299,-0.9994680249478881,-0.6524185162350197,0.6439245774788777,1.1396973446838723,158.689453125,0.22366614806266322,1
-0.0024214429202495495,0.7102954124450115,-1.784549867105995,1.903570310763214,-0.078095618500649,0.05865064523259781,-0.6936061384218828,3.6881201778692088,1.706454248605346,-0.9469795573146043,-0.5535918287588051,0.5403168369006097,0.9310822843113237,166.673828125,0.21731211516904045,0
-0.0054921527907725864,0.8258884745077567,-1.5315264932627906,1.935532818153282,0.028504950069330487,0.12482572432877825,-1.0482593510862908,3.4670593114160724,1.560031443332121,-1.1261141509065464,-0.7608077807647204,0.6081503305272031,1.0845837870559314,0.998046875,0.4740989556064358,0
0.0014245584092570556,0.6612120433100623,-1.9619544920762342,1.7968101706054964,-0.06181746412547008,0.027737020260409456,-0.3369842382838555,3.7587646626817306,1.9001370279507641,-0.8363108328615054,-0.442622174869938,0.489624834460501,0.859439689170364,17.96484375,0.12691355422684023,0
0.0022265528601489934,0.8378024079412419,-1.6116669389401042,1.7525044228684077,-0.0007205850280982309,0.03728615633149622,-1.0656255864155006,3.364171361808512,1.610946353912006,-1.1506933215867992,-0.7150162816630701,0.6930388515344905,1.118908783359471,54.892578125,0.43246386274915105,0
-0.0004293281880254525,0.8692529079862753,-2.5512985854186048,1.7806869894100228,0.04152669603622764,-0.16104593091436406,-0.9623347648311582,4.331985574828628,2.5928252814548323,-1.1644437096199893,-0.7183677816174578,0.7545613895548071,1.1096826934916586,71.859375,0.45967786247550807,0
-0.004545310334980547,0.991255287846817,-1.7158495292841527,1.8174423436894314,-0.11278332670274098,0.0869093994813033,-1.3278663420206909,3.5332918729735843,1.6030662025814117,-1.2588616277950406,-0.9032669234348636,0.9248245341813208,1.3717782708529844,1.99609375,0.8930754153871453,0
-0.008424684275440221,0.7865930327629428,-2.0028681014759457,2.101591935305968,-0.005381961384425749,0.01261930040921911,-0.6337428705337258,4.104460036781914,1.99748614009152,-1.0901329326925018,-0.5976685627652297,0.5806740281709568,0.9876226652870895,151.703125,0.23165108187509464,0
-0.003179610133499145,0.8103918840989277,-1.916036788581908,2.016159702506696,0.025776591129085945,-0.03235792543126498,-1.0020648795939457,3.932196491088604,1.941813379710994,-1.0758097976322298,-0.7136339217795681,0.6772650885191087,1.0208884339486783,130.744140625,0.2587522918711922,0
-0.004122240765134816,0.9045695544232384,-2.0045162273429753,2.405627990069581,0.0742068336157954,0.14721934325529207,-0.6425139485156643,4.410144217412556,2.0787230609587706,-1.2220341811785222,-0.6899056055543689,0.7316280463686681,1.245847548970906,3.9921875,0.433859913838872,1
-0.0009083786263451785,0.6803673280891207,-3.005988467373527,1.7864369908917348,0.03963540408542822,-0.908690401005692,2.6396030766363516,4.792425458265262,3.045623871458955,-0.8320383105058462,-0.3121396868784696,0.4305766620303797,0.7706923697729829,0.998046875,0.08993259193282079,1
0.03009476513131469,0.75265016792092,-1.8378609998731104,2.1052575897890087,0.048784237552861015,0.14245487811468197,-0.16119700296136008,3.9431185896621193,1.8866452374259715,-0.9795826272175144,-0.48062403597819947,0.4674697881812651,1.0051092464992653,64.873046875,0.17692907677738112,1
-0.07675258519951254,0.7282095961112861,-2.8951220285716737,1.7809653463141322,-0.11014502054981541,-0.23785952611562075,1.7074560748585847,4.676087374885806,2.7849770080218583,-0.8718295408016474,-0.4273272501583254,0.18080974762911536,0.9653068668276631,5.98828125,0.22023619506620282,1
-0.031467291751883564,1.0478139427001536,-3.551189682818394,1.7900772117424588,0.1398079588968942,-1.0625878006098255,1.3221282487059884,5.341266894560853,3.6909976417152883,-1.1335091359035099,-0.588454697439421,0.7597642781558066,1.1386185414938115,1.99609375,0.8009709994222225,1
0.046042164704786885,0.6393656399391385,-3.322635261753961,1.7239335290654836,0.07309920396836886,-1.5965537590069534,7.184744450553307,5.046568790819444,3.39573446572233,-0.5752238301700391,-0.05439015059571492,0.20383669495446755,0.7821465194308211,6.986328125,0.11540635223333717,1
0.8486919428671136,0.6172804350915138,-1.9627257372225524,1.829872311065261,1.065124249606411,-2.607773109321493,6.058544724737207,3.7925980482878137,3.0278499868289632,-0.0459738340661071,1.065124249606411,1.065124249606411,1.065124249606411,0.998046875,0.08180302998403204,1
0.05010222790973742,0.597045624317551,-2.2003709141786025,2.5097987946091442,0.05392963663662301,0.04943977987049577,0.7785320735494121,4.710169708787747,2.2543005508152256,-0.700655668253304,-0.3727460411928634,0.45681225241805024,0.7596391229756906,44.912109375,0.12730761760015255,1
0.0035012886970341205,0.5997140873359456,-2.063123331926365,1.6073733542852848,-0.0006776195666188512,-0.11075679857572729,0.2701462653924751,3.67049668621165,2.062445712359746,-0.7026688547911966,-0.37330692381571007,0.3930553650676314,0.756674537841823,194.619140625,0.05177947552127013,1
0.36287595037216824,0.6477764152967885,-3.014706241264029,1.5791371150933604,0.7909514484022929,-1.2892490459183104,2.5116222308955205,4.5938433563573895,3.805657689666322,-0.3571239476977878,-0.3571239476977878,0.7909514484022929,0.7909514484022929,0.998046875,0.20789119835412317,1
-0.007325483822724993,0.7945285292653663,-1.741716357514439,1.549622648633969,-0.09747398173902413,0.13547265282703233,-1.1706406078681824,3.291339006148408,1.6442423757754148,-0.9954712935811006,-0.723646411521382,0.7220116220706271,1.1255182403443575,0.998046875,0.3464445988367063,1
-0.002621063007612277,0.8263616081457281,-1.7470823774187239,2.1992076482808915,-0.06310267001824034,0.20105408680544865,-0.804506683591443,3.946290025699615,1.6839797074004834,-1.0439789593001334,-0.6393839950792373,0.6461656941457332,1.1239914524773476,119.765625,0.4050191922386054,1
0.023921014483809455,0.6610983939496137,-1.6258709361132468,1.899706410131598,0.017526005973767685,0.09867841819223133,-0.3667123629517004,3.5255773462448445,1.6433969420870145,-0.809368817260867,-0.4780170655091541,0.4962670392304504,0.8635155312190763,215.578125,0.06772726173052605,1
0.019749729179462733,0.6925795284986873,-2.282292102120797,2.1853617664760647,0.05064383591146397,0.02683563106309626,0.29920658068044714,4.467653868596862,2.332935938032261,-0.8264902129396213,-0.47097106348651774,0.45204057898756317,0.8705012725610951,181.64453125,0.12559698287610152,1
0.005555395915972747,0.6068135214152169,-2.281087119444924,2.102568445564401,-0.008391180345392492,0.15642431927506303,0.4220681958358492,4.383655565009326,2.2726959390995316,-0.7166410423137752,-0.4176389230329176,0.3864372762806985,0.7722215468914737,182.642578125,0.05937394133867039,1
-0.022483386780767597,0.9152019332708018,-2.2631298121379766,1.903935693275609,0.009139863300344619,-0.07291711178496085,-0.9171455905527406,4.167065505413586,2.2722696754383214,-1.269421214194476,-0.7726883063232539,0.7021933855823634,1.186046960557975,1.99609375,0.6017088104578086,1
0.005963577135805032,0.921081416677688,-1.9380617504733393,1.8565597242994163,-0.0691640540562467,0.03682399079601346,-1.1633929373517455,3.7946214747727556,1.8688976964170925,-1.2078268086997648,-0.7909089330572241,0.8842629710294656,1.2329413518011347,0.998046875,0.7209402535858279,1
0.0070687364321050696,0.8948397974192392,-2.179130713510752,2.19495694315808,0.036325192119797484,-0.06811892881489341,-0.9714686045784617,4.3740876566688325,2.2154559056305496,-1.1633098497531258,-0.7484173166618151,0.7452286011678573,1.143879202744815,89.82421875,0.6139104265230291,1
0.02472005484196206,0.8588332817110603,-2.136312590445301,1.8053593747140695,0.005789470037212651,0.005916042064146069,-1.0834195420966655,3.9416719651593706,2.1421020604825136,-1.0741756744372097,-0.694078868771915,0.7665201561452619,1.2143826434589904,105.79296875,0.5723075746781064,1
0.03275652781696847,0.8150561969113399,-2.455514466640572,1.6412606028099643,-0.06792760477593288,-0.11237609928806631,-1.0356994153971033,4.096775069450536,2.387586861864639,-1.0034281740633029,-0.6140237391014878,0.8315197301014159,1.0386189442920024,60.880859375,0.4731686011801646,1
0.016173023580925344,0.6590367336324429,-3.7574852747737566,1.654932920244265,0.047480652321519747,-0.9552903558965103,3.4965627304436975,5.412418195018022,3.8049659270952763,-0.713272804200741,-0.3712753004409396,0.4685568812493108,0.7645562135922497,117.76953125,0.06832329019076512,1
-0.005913336131954702,0.7880871017684802,-3.5403908764527565,1.4450448115676204,0.026569403880333055,-1.2436083910806124,2.6679869743377154,4.985435688020377,3.5669602803330895,-0.7086279147797896,-0.4316707063584014,0.5821217206423777,0.845114284858863,99.8046875,0.18654051774684968,1
-0.0017828150808183174,0.6828583053806401,-2.069599352460252,1.8684534032287403,0.013141644524570012,-0.1339151593301795,0.02406333453346221,3.938052755688992,2.082740996984822,-0.8826862099155417,-0.43507439851383145,0.46067322908103164,0.8541179718310211,240.529296875,0.09870399276446576,1
-0.004256662497271191,0.7785357596164298,-2.3830595133738917,2.357714776427351,-0.120315757281344,0.19927016362518674,-0.4240974816306293,4.740774289801243,2.2627437560925476,-0.9534018349906929,-0.5806442120316447,0.5970141022163824,1.0802338707726251,59.8828125,0.12699649378298022,1
-0.0023222584088773146,0.6514405016906096,-1.5238979529697436,1.9412883406405657,-0.01635886505777537,0.06722625405419712,-0.5519834447516101,3.4651862936103095,1.5075390879119683,-0.8568512143033178,-0.5010214685873251,0.45108295581836677,0.8900246359091143,0.998046875,0.07649899578941073,1
-0.009355571537021878,0.9792044540297686,-2.805829046506375,2.0856023384854536,-0.04113426580593167,-0.17558225521259382,-0.6825712252970066,4.8914313849918285,2.7646947807004434,-1.2205765439161136,-0.7795649964473688,0.8210478516045303,1.2454875299238206,1.99609375,0.789893014459862,1
0.004995940522020473,0.7949546514789398,-1.9215071726528035,1.8782453557876175,-0.062399540835260725,0.025600674393810762,-0.9463345469477433,3.799752528440421,1.8591076318175428,-1.0541847079722666,-0.624955754011403,0.6887166737283901,1.0771240963750426,120.763671875,0.19289848259151782,1
-0.02445269811665246,0.9529161902244396,-2.220175046534154,2.4107985491596695,-0.14456715970570244,-0.03143123194601743,-0.9751729662162538,4.630973595693824,2.0756078868284518,-1.2656605490693982,-0.7804306698390757,0.856396767559983,1.2066051056904084,0.998046875,0.7464315244464291,1
-0.011859002171619865,1.0049392690223597,-2.846288287290299,2.193827944950017,-0.03425425506511075,-0.06922580646716248,-0.49889056624597616,5.040116232240316,2.8120340322251884,-1.1914146119519946,-0.7508737310073644,0.7275950311082735,1.4281742805476239,1.99609375,0.48212578510862925,1
-0.06416560874574131,0.6657164198504886,-2.4281372526521987,2.007045214217729,0.043732523935997455,-0.2875885978006184,1.5491110134083153,4.435182466869928,2.4718697765881963,-0.7492949274303018,-0.4996036907305986,0.043732523935997455,0.8245556102569215,7.984375,0.12027836164658263,1
-0.22474998681729366,0.43983904899256365,-2.55213770435764,1.9598224900649137,-0.49963151774917736,0.6534332011358641,3.214256270518252,4.511960194422554,2.0525061866084626,-0.49963151774917736,-0.49963151774917736,0.18693721257440782,0.18693721257440782,0.998046875,0.08426155004853103,1
0.0026566167938685686,0.8016900752510601,-2.907686016858469,1.6886950527579874,0.01722271623227925,-0.3109477548979849,-0.25888281513551004,4.596381069616456,2.924908733090748,-1.012512570425124,-0.5754218892242554,0.6673069369031227,1.0185031668808402,117.76953125,0.43405184522072104,1
-0.17787038948839656,0.5541599960076281,-2.552484954666582,2.0540403766423405,-0.276737805462031,0.7345243489552217,3.774958523840743,4.606525331308923,2.275747149204551,-0.512043556528615,-0.276737805462031,-0.276737805462031,0.6465079301050287,9.98046875,0.060115888003847304,1
0.007352034731747559,0.6609416645448822,-1.6724843506829474,1.6194460216044204,0.05268072505221689,-0.045528715106341114,-0.5176357547783019,3.291930372287368,1.7251650757351644,-0.894352218492236,-0.47102867666621046,0.48161042201047866,0.8491626853011811,159.6875,0.17151534770009205,0
-0.009328395610029974,0.864943971863862,-1.8948203813657818,1.8964104427196242,-0.0666608996948842,0.08997680348742296,-1.0803715258259294,3.791230824085406,1.8281594816708977,-1.1280129380481865,-0.7475006939376247,0.7230438859395802,1.1689938392123222,96.810546875,0.4772699470114189,1
-0.007641522794742783,0.8894537811231169,-2.2306233133278015,1.7867731974348302,0.06549801922895346,-0.09254848443301669,-1.1770617382408066,4.017396510762632,2.296121332556755,-1.1643573054698184,-0.879163157032347,0.7741813025921842,1.10020025871212,0.998046875,0.6437182482903449,0
0.0014414243821129213,0.7658545619543329,-1.9272474794644123,1.8735692886438797,0.032218768322258826,-0.08194816323066932,-0.5539809049141056,3.800816768108292,1.9594662477866711,-1.0249116505743605,-0.5634204826453685,0.5783095153726977,0.9682778663196471,0.998046875,0.20362701587496526,1
2.699006121022196e-06,1.0060791921008205,-2.984514894554565,2.1756821004282725,-0.06544168870792372,-0.1413326399290548,-0.12586329178653122,5.1601969949828375,2.919073205846641,-1.1190167089923904,-0.7289438476803205,0.7228247926172631,1.3341848744344333,2.994140625,0.5226278576891071,1
-0.10912031808217013,0.8335853260386251,-2.3019216333714483,2.137634494422217,-0.2832708327528525,0.2804382483848341,0.23488018156504786,4.439556127793665,2.018650800618596,-1.0353567728763124,-0.4361597407656152,0.3437532516278996,1.1719772341602277,3.9921875,0.29655918104495743,1
0.06580393989543246,0.924859534643688,-2.4027679396735055,2.2240902168095245,0.03774952466857272,0.018747300376974366,-0.8465321926911762,4.62685815648303,2.4405174643420784,-1.1079759501740232,-0.7131138947140666,0.793166655779753,1.3463925496691265,1.99609375,0.4929228735721439,1
0.21083269478483924,0.6157161567014654,-1.8352596986764076,2.178142037991003,0.4122146540796477,-0.8989726465379835,1.6734525294184,4.013401736667411,2.2474743527560554,-0.8638949275454028,0.4122146540796477,0.4122146540796477,0.4122146540796477,10.978515625,0.05585350285816875,1
0.006878216634181422,1.038658487079046,-2.3247390171333313,2.0369547484526542,0.01539852118170415,-0.17281898085062591,-0.9127487036884263,4.3616937655859855,2.3401375383150356,-1.3175736589344904,-0.878419783921095,0.8788095292698379,1.3752799918231182,1.99609375,0.6993175497300581,1
-0.06587979102515179,0.9273384663444975,-2.6389365271141663,1.753400887536884,-0.016006909938257905,-0.32160129541616767,-0.38121435932603065,4.392337414651051,2.6229296171759082,-1.4553845501554037,-0.6418124564769944,0.5905744541299197,1.1610946858053424,0.998046875,0.43211824251574643,1
0.006196796590057778,0.8860539039859173,-1.6757587892356882,2.1826007852538356,0.05103740468846691,0.14919272917179296,-0.7639870105965372,3.8583595744895236,1.7267961939241552,-1.2042362511132945,-0.7490508230867228,0.6342932877495022,1.1723413204173507,62.876953125,0.3152414787701928,1
-0.021176483934125166,0.647584107498975,-2.793716881764742,1.7717131385764149,-0.05113203462985247,-0.16102039464834578,0.552084086548152,4.565430020341157,2.7425848471348897,-0.8260152349087339,-0.4274072024583468,0.41745937989618465,0.816249176511961,246.517578125,0.04325599995350184,1
-0.009077300190397913,0.5842319036907397,-1.8908741425437547,1.6455473355287424,-0.01780858394327752,0.02257503434623638,-0.07595833940561425,3.536421478072497,1.8730655586004772,-0.7379178387354779,-0.41944318638433503,0.41091234821292166,0.7573863312250249,75.8515625,0.06584879854109424,0
0.03411194112775465,0.975165689004893,-1.9457188187876817,2.0053035800301893,0.1383261579805829,0.041624640093038706,-1.1552258523322971,3.951022398817871,2.0840449767682645,-1.265669382691198,-0.8630419090834281,0.8573789902750643,1.289732147792359,1.99609375,0.8089724860506571,1
-0.0066676969717341,0.6365243630432489,-2.5614045868497257,1.2421037545229385,0.08616857204964368,-1.1076977729735251,2.0533292611594804,3.8035083413726642,2.6475731588993696,-0.7690343037836,-0.3523702814739014,0.439973534998343,0.6865956050881076,254.501953125,0.061729422830063364,1
0.025013973417436434,0.7887669691422606,-2.1528986697442614,1.9805872342150685,-0.0655333937931383,0.04897520064504929,-0.7218411124534336,4.13348590395933,2.087365275951123,-0.9601644855223394,-0.593338471967372,0.627284119360856,1.1081686241801114,99.8046875,0.3500801058095669,1
0.007657441105011861,0.8962876070756459,-1.978524643248797,2.117479570646534,-0.07928839040088669,0.177161070518558,-0.4004688345960772,4.0960042138953305,1.8992362528479103,-1.1331035131943323,-0.5649826061427902,0.5798755886983763,1.3058744300785448,3.9921875,0.45203626227167826,1
-0.03443700907405567,1.038797592755723,-3.297521075668326,1.8285344217223396,0.011538944208631148,-0.6842637683482938,0.46083160092045494,5.126055497390666,3.309060019876957,-1.232306272739033,-0.712133388011695,0.8002832127442028,1.204255666142548,1.99609375,0.8817955076147778,1
-0.0012611595909618693,0.8526922079821524,-1.8603682510157562,1.964115231078017,-0.029740764486607077,0.11516983310704323,-0.9576931242949454,3.824483482093773,1.8306274865291492,-1.084037342542244,-0.7072774851246226,0.7063360453201459,1.1771628458590622,119.765625,0.3129506510742648,1
-0.022435097421204503,0.9680242441340885,-1.9485903378044818,1.8057658561136127,0.018742631498657274,-0.018662767244227017,-1.2694997105526917,3.7543561939180945,1.967332969303139,-1.3151150779175214,-0.8763198445160725,0.8787628679505591,1.2816746791251439,1.99609375,0.7536738120817977,1
0.0014485498570567037,0.9407199835870451,-1.9670556868704585,1.9649965000486582,-0.08415852226542503,0.1744424685994665,-1.0105885700080068,3.9320521869191167,1.8828971646050334,-1.2375188953448444,-0.7431312264666675,0.7724575654322205,1.3540444916047838,46.908203125,0.37551628737309184,0
-0.0031742971628900205,0.6730203979057898,-1.9790127072165333,1.6195661528469538,-0.005382949655429221,-0.029199535739751786,-0.4608391216047041,3.598578860063487,1.9736297575611041,-0.9097791582546315,-0.47593647638047365,0.47882825238374843,0.8541855715235537,196.615234375,0.1126947489027235,0
0.11717119839084977,0.6741624216469083,-1.8603247167733838,1.8596018137885737,0.15033710550629942,-0.3328827689811415,0.36023630235249415,3.7199265305619575,2.0106618222796833,-0.732052504804763,-0.2746818454245568,0.5848051887922382,0.8279094860746237,7.984375,0.1230963109733812,0
-0.010072333397485984,0.873205675924442,-1.7147765691613344,1.9569578386620523,-0.04437850359851586,0.028724402800697355,-1.1728146451561743,3.6717344078233864,1.6703980655628186,-1.159069360313714,-0.7833030265189633,0.7546976876098568,1.1573311939600714,79.84375,0.5859407492883515,0
0.04360242515413622,0.569627747376821,-1.9896236021073828,1.7765583363708826,-0.013350180696375433,0.49117640147333497,0.7720057050629641,3.7661819384782653,1.9762734214110074,-0.5728153310020616,-0.34156381889683346,0.3629425320543084,0.785295432297659,107.7890625,0.09365428476223955,1
0.001545752401861833,0.94618625527977,-2.8216382066239003,1.7223899627583261,0.0778900834352573,-0.48775875621612985,-0.21515314090691628,4.544028169382226,2.8995282900591577,-1.2285524234628744,-0.6868485717979531,0.8287912116021519,1.1593751099229461,0.998046875,0.743491028364277,1
0.011747154800021253,0.9664533157614222,-2.09164433210825,1.9698966958613378,-0.0172633147988357,0.0575910083023089,-1.2280639926860273,4.061541027969588,2.074381017309414,-1.1735454629095456,-0.8240506896419878,0.9514382880245784,1.270196730195279,1.99609375,0.781299355909675,1
0.6897982689074861,0.9381854734633885,-2.942737115710153,2.1431498507846998,1.3094317114999208,-1.1579021198854376,0.2403283793025377,5.0858869664948525,4.252168827210074,-0.6725443156697617,-0.011313101276182073,1.3094317114999208,1.3094317114999208,0.998046875,0.3742207683329352,1
-0.01193532018994576,0.7425647977227713,-3.0091740601091366,1.9672276776889843,0.025666070672264174,-0.389950337319496,0.47091481985506656,4.9764017377981205,3.034840130781401,-0.9616835674940147,-0.5193329948028509,0.5514594031473368,0.8953316855177964,103.796875,0.23568244881252076,1
0.015196057968022859,0.5628004135888047,-1.894138665044161,1.5374250392764242,-0.01348522642821221,0.0667768139664035,-0.04496111365866673,3.431563704320585,1.8806534386159488,-0.6775790208338102,-0.35805823161093414,0.41015216491156775,0.7643686792815841,13.97265625,0.03301568497931062,0
-0.27193989480157754,0.8056685832989743,-3.16635659564608,1.8014046280415612,-0.5478069247683682,0.5052267868467896,0.8593367818357263,4.967761223687641,2.618549670877712,-0.9829260555047089,-0.7636084494352247,0.17682765185592303,1.0109402489834556,4.990234375,0.21553054258679732,1
0.0074282371325475344,0.7552325738140405,-1.8229300281411636,2.0302769105196714,-0.0422062954421184,0.2499538596251719,-0.43410775534902957,3.853206938660835,1.780723732699045,-0.9037640848102347,-0.5452922630524492,0.4962656665196057,1.0469475024548998,180.646484375,0.13352482863701876,1
-0.011986568300499947,0.9440350975764339,-2.0735826762498397,2.2242699307549607,-0.08462958727274444,0.10941042025014856,-1.1170253514099306,4.297852607004801,1.9889530889770952,-1.2109312933847098,-0.8040402667557888,0.8228983650986887,1.2628837030204798,0.998046875,0.6931966425643842,1
-0.010593091748477135,0.8589931255396026,-1.7186407866475217,2.109058459267319,-0.042607359813656515,0.17133441299902852,-0.8892248585918736,3.8276992459148405,1.6760334268338652,-1.1261951495979416,-0.7395914238483816,0.6640694983275974,1.1482225776329547,86.830078125,0.4128069984779688,1
-0.2624221179402909,0.3840107528360306,-2.1089814754491605,2.1172997349333094,-0.39020717865606724,2.306556065436366,13.133655859371043,4.22628121038247,1.7187742967930932,-0.39020717865606724,-0.39020717865606724,-0.13230411465795183,-0.13230411465795183,0.998046875,0.017258582468534334,0
-0.006434904748767845,0.8620860029871149,-1.9644756492327438,1.7987760368522816,0.04511705126166589,-0.010309510749484638,-0.9751302006879285,3.7632516860850256,2.0095927004944096,-1.150513587755833,-0.747059847351295,0.667693299587227,1.1669120836332723,0.998046875,0.4826105436448019,0
-0.12865484135592056,0.8846271321312491,-1.8583862273270686,2.2157094899239196,-0.4837335640149023,0.6203537426770305,-0.4142905050659391,4.074095717250988,1.3746526633121663,-1.1616432164293053,-0.6034084516241037,0.517417282977794,1.1959629193833576,3.9921875,0.43966319569590734,1
0.10213563002387732,0.926375468709115,-1.9772192965813347,2.1501015533498897,0.05650350439924247,0.07448255272522306,-1.0193297700211654,4.127320849931224,2.033722800980577,-1.0741530540765083,-0.7425833397669602,0.8626718752019148,1.3333782229342868,0.998046875,0.7023666183647265,1
0.011852029323918122,0.882024222130365,-2.410586389467552,1.927125693788115,-0.053514221625604194,0.04657090816540358,-0.7453254050438725,4.337712083255667,2.3570721678419475,-1.0410949748097067,-0.7156806043453472,0.7076450560534512,1.2596153528875098,42.916015625,0.38983174831966183,1
0.019506887655765623,0.7298565431675318,-1.6683013968769276,2.131468645939571,-0.022496423273365533,0.1556285787600808,-0.5020746778496132,3.7997700428164984,1.645804973603562,-0.9122454789992989,-0.5077256876057146,0.5698886429672154,0.9981108333347736,1.99609375,0.10823290138781223,1
0.004978663810510342,0.9707632750962617,-2.077714647767104,2.1978024703040693,0.01713101233385421,-0.08897321701168312,-1.049541990949666,4.275517118071173,2.094845660100958,-1.3222058707190472,-0.8530270660652837,0.7778247715535098,1.2740966812070793,14.970703125,0.8370694229423241,0
0.0005164290099893571,0.638853743813,-1.7147420738765193,2.0400407796735935,-0.011609064693545406,0.12944835673781463,-0.06499718707859659,3.754782853550113,1.703133009182974,-0.8378929754320666,-0.44136832439974694,0.4363662167096195,0.8045274469787287,60.880859375,0.10178945226570911,0
0.062002958270542904,0.658280511424383,-1.6286825777152978,2.2230982644298476,0.006781267661847742,0.20347008057921043,-0.21929997625801612,3.8517808421451454,1.6354638453771455,-0.7804706358194531,-0.4269121011406835,0.5116130421876707,0.9238098463208131,135.734375,0.08905600599844843,1
0.0028343239351843394,0.8564548860546712,-1.8713396165606158,1.7556486165564735,-0.011388135943818947,-0.020139995984892824,-0.920259964594857,3.626988233117089,1.8599514806167967,-1.188163415498667,-0.6266169776138392,0.7285846118543716,1.1755547569455636,85.83203125,0.4272048325090817,0
-0.14173235930200923,0.7178845744888896,-2.3311973790597085,2.0252505785349624,-0.07988735029949509,-0.2685945272754234,1.3216528490272115,4.356447957594671,2.2513100287602135,-1.2495788537975936,-0.07988735029949509,-0.07988735029949509,0.7307571709163702,7.984375,0.18203892999295518,1
0.024780005463049454,0.9796468524093972,-1.8949385575549111,2.4884687183975176,-0.06319784342007606,0.16435144720875564,-1.0174048312286585,4.383407275952429,1.8317407141348352,-1.225997394874844,-0.8632630371042442,0.8644641759975049,1.3726306845437803,0.998046875,0.8521160582195995,0
0.018586724474711713,0.7871907154473509,-2.100817498068165,2.1127834516220467,0.00724111247200517,0.1209259138134155,-0.3924841647629096,4.213600949690212,2.10805861054017,-0.9974023947749822,-0.5637006133213357,0.5809093268431473,1.094457948497682,0.998046875,0.20219416492116338,1
0.025933033627306187,0.7879052374475578,-1.778248002889612,1.7670908874760285,0.017960830514950534,0.03492606458517591,-0.9560580714515532,3.5453388903656404,1.7962088334045625,-1.0388995444515607,-0.6285523707263793,0.7116934557587233,1.1063393338438892,115.7734375,0.26220798563635067,1
-0.007777263417351521,0.8471911113213535,-2.278647376686658,1.651296565798007,0.05942492059928545,-0.36207530433811114,-0.5366558856902679,3.929943942484665,2.338072297285944,-1.2141008490242575,-0.5939912566458418,0.7085042255526701,1.0466208934782537,130.744140625,0.40066008046134477,1
-0.03664396207394602,0.8630420055965161,-2.2752259098151177,1.795344589050787,-0.07172471527237094,0.0619614360146735,-0.7914913308842682,4.070570498865905,2.203501194542747,-1.1890900011291607,-0.6881339123555142,0.5914516140321389,1.2074349213912818,0.998046875,0.4346812065743339,1
0.01744434580974724,0.949340528473319,-2.5404332625503536,1.7022622116453314,0.04929076671352817,-0.18239051640692994,-1.045558931677421,4.242695474195685,2.589724029263882,-1.2480199836913168,-0.8195257723872391,0.8781066653765236,1.2638042441137025,0.998046875,0.7447578979832614,1
-0.06338701547829884,0.6758044095934803,-1.8188025054695127,1.492590946765558,-0.11494618208040253,-0.04157380891838895,-0.8313786135591519,3.3113934522350705,1.7038563233891102,-0.8933901782779149,-0.5774547811665189,0.5421235208394284,0.7963595242781125,0.998046875,0.19212747361687488,0
-0.008243251024859708,0.8291978002456012,-1.6621772584138508,2.2144425889854853,-0.08152689740719482,0.29770580243599676,-0.6310227584991215,3.8766198473993363,1.580650361006656,-1.086420249666521,-0.6480145497435095,0.6004739301976026,1.2419068709299879,102.798828125,0.1907645898394757,1
0.008669162062360014,0.8019170345493121,-2.017368674548163,1.89729792694771,-0.05901475525963906,0.18008494231304853,-0.701107378839033,3.914666601495873,1.9583539192885238,-1.0015717405556515,-0.5995586441260269,0.6272629409887132,1.1394327436346339,0.998046875,0.16042993022884355,1
3.061244878159973e-05,0.6385140481646651,-1.8462886300726982,1.6193962676619946,-0.013656845375616268,-0.11934415840634806,-0.1776697610474085,3.465684897734693,1.8326317846970819,-0.8209138277191909,-0.4203989611541851,0.49480543002482147,0.7730770670496119,212.583984375,0.12242883615571323,0
-0.15839530066689955,0.6797746336155366,-1.9579584368217757,2.1020431428440807,-0.2513103146266127,0.7491069796511932,1.4758349193240123,4.060001579665856,1.706648122195163,-0.8716644223589681,-0.44500166739177294,-0.06923214789448129,0.8657185109285352,6.986328125,0.1697560959010736,0
-0.0007686898365581174,0.942546907470617,-1.9404690402615532,2.050872491971411,0.00042830671363736344,0.06806846583947207,-1.0920950686087678,3.9913415322329646,1.9408973469751907,-1.217965630304208,-0.8379297691921501,0.814466518801599,1.219840825639401,32.935546875,0.7752448494399227,0
-0.0023303502253221977,0.6603378587918389,-1.9432447370605106,1.715313486342271,0.021683391035829933,-0.1380538216283268,0.008330726066908323,3.658558223402782,1.9649281280963404,-0.8824540169267547,-0.4241378761741322,0.4092293039056796,0.8428759535463636,166.673828125,0.08045606865208675,0
-0.0017064360861618055,0.7532838628051901,-2.1837905355799863,2.260321150503255,-0.038120988636444794,-0.07224510638803047,-0.36756931728151976,4.444111686083241,2.1456695469435414,-0.9899797995255621,-0.5492634444199291,0.5883809102262261,0.9529482777917831,184.638671875,0.23430326445747843,1
-0.01645591506604492,0.8003740561578429,-2.6405764361228004,1.8788908602584,-0.0031847173191555727,-0.225017253410644,-0.34647381171654423,4.5194672963812,2.6373917188036446,-1.0213344459595513,-0.6341703240750196,0.6281548077575839,1.0013517644164167,118.767578125,0.28067176405905186,1
0.002919808728243982,0.8055746219620803,-1.795106535734747,2.0632175923641625,-0.059641023106873484,0.14078445204810727,-0.8799241047949518,3.85832412809891,1.7354655126278735,-1.0338456159519507,-0.6389625605895295,0.6367342054848066,1.0824870581198067,116.771484375,0.4167430650393389,1
-0.36065223405498426,0.2960751003612155,-3.11740581582804,1.7048065767868652,-0.37526714571974956,1.2676484604785099,29.839321057425224,4.822212392614905,2.7421386701082904,-0.37526714571974956,-0.37526714571974956,-0.37526714571974956,-0.37526714571974956,39.921875,0.0037569806209512453,1
-0.030737461341466515,0.8621997789668298,-1.863329234520899,2.4115547604661476,-0.1731786864757851,0.35375069802236003,-0.6862558635441651,4.2748839949870465,1.6901505480451138,-1.0415222137328821,-0.7318826179781881,0.6998586876181971,1.14986451817215,122.759765625,0.23351699241273846,1
-0.09507726908453787,0.6690999081824083,-2.4170983155343584,2.1146534700017,-0.3680978741979813,0.3351591353694375,0.7974995994793206,4.531751785536058,2.049000441336377,-0.7472247143046099,-0.3680978741979813,0.5458083685129115,0.6941628647114637,8.982421875,0.11778406286304838,1
-0.04523090675545706,0.952596425266521,-2.994268383129203,2.042507039361664,0.04601934374803955,-0.46814368951521146,0.0773298759252774,5.036775422490867,3.0402877268772426,-1.027894176159614,-0.7645368564501801,0.6662034732000063,1.112772849064455,3.9921875,0.5114578450081546,1
-0.0019188779829107383,0.6020148979975771,-1.9839692441199608,1.4682954918735598,-0.012153504912855363,-0.3292510692130447,0.08307967132586347,3.452264735993521,1.9718157392071054,-0.7665166608402298,-0.434492337950674,0.48180447993216907,0.7371867426794583,247.515625,0.055536448416098484,1
-0.3591806699175595,0.55001165903217,-1.8733797162911363,2.1622479125562495,-0.6357878443406623,1.5740015017839324,3.6907069107077968,4.035627628847386,1.2375918719504742,-0.6357878443406623,-0.6357878443406623,0.01121604856182586,0.01121604856182586,0.998046875,0.08014335539678652,1
0.0289549737461812,0.5878631468250545,-1.7265300895928772,1.9784461654002614,0.03245897399984997,0.042600104373857715,0.046188535889410076,3.704976254993139,1.7589890635927272,-0.7208039701981037,-0.3959442175110654,0.4132909351929289,0.7757674585984237,25.94921875,0.05010664284368695,0
-0.0010741573785685889,0.9451044078498054,-1.9732555445450108,2.03159059594165,-0.029229124446000773,0.046581429161108405,-1.1085239429256009,4.004846140486661,1.94402642009901,-1.2502446740942694,-0.8679916945437834,0.7702401123290887,1.2801020226143511,27.9453125,0.7564403241538089,0
-0.008912007571788089,0.666766981182353,-1.7109973487542638,1.5744386181284689,0.002083920808305267,-0.05916659974133953,-0.6365295750076614,3.2854359668827327,1.713081269562569,-0.8890060813612476,-0.5055451635961348,0.4906464259188287,0.8186282896435657,1.99609375,0.10172657332138954,0
-0.03572458189348418,0.9388940491755974,-2.8061071456308047,1.978588461896632,-0.03347146139642254,-0.09151990432191709,-0.9077554036705,4.7846956075274365,2.7726356842343822,-1.1919545834209302,-0.8631375533591319,0.7984375089725387,1.224611233264357,0.998046875,0.685742525652646,1
-0.0006048232663472836,0.643925553871755,-2.224638961550974,1.8580815839685918,0.010554981926225435,-0.11614308838403006,-0.0362677322221967,4.082720545519566,2.2351939434771997,-0.8166808023454363,-0.4361499887105903,0.4716426417440204,0.8142481964603725,84.833984375,0.05945490591016745,0
0.0061074818099592365,0.8826284454062585,-1.9304994756221043,1.885963622785063,-0.04298118339927382,0.055465317820862496,-0.9130615680346992,3.8164630984071675,1.8875182922228304,-1.1409094091654197,-0.7242316582779778,0.7195597773988027,1.1937640133096215,1.99609375,0.5691861813032287,0
-0.305466311231109,0.3479285788916131,-2.5741528207516207,1.5862961393743198,-0.3611341753028118,1.4397946332320395,15.365194676814163,4.16044896012594,2.213018645448809,-0.3611341753028118,-0.3611341753028118,-0.3611341753028118,-0.07302179347817407,31.9375,0.008855656351676877,1
-0.005657951535929948,0.7777054923840792,-1.8841462104211515,2.1544567902678806,0.045404598146129155,-0.10642291639538289,-0.54906526133031,4.038603000689032,1.9295508085672806,-1.0556959172321365,-0.6056646927914289,0.585409908312818,0.970028333616964,120.763671875,0.3145814838381033,0
0.0004456749194648099,0.5883256230223038,-1.83853394119925,1.752554450125094,0.009885449886684888,0.061946091285257736,-0.150509017669207,3.591088391324344,1.848419391085935,-0.7683500942746223,-0.4184314444104623,0.4126255923724001,0.7471466124341817,75.8515625,0.05338443595385255,0
0.011463484975970717,0.9063189389882406,-2.00083996184422,2.0173955110698363,-0.04460638884140024,0.10488817993204834,-0.9431461912100865,4.018235472914056,1.9562335730028195,-1.158772313231533,-0.7233887883751186,0.740379320084223,1.2551011235695027,0.998046875,0.5071545779148358,1
0.009188465903101125,0.9845503103187272,-1.8751250316083878,2.16234451708048,-0.05745235926474371,0.1388524149262221,-1.2580338998956193,4.037469548688867,1.817672672343644,-1.2025868533322297,-0.9210256732146849,0.9337215875834006,1.318675066643629,1.99609375,0.8826235569073072,0
0.06254730618028737,0.6050332226029017,-1.9756907932134415,1.6244535506233502,0.05921622761476833,-0.13463723114352824,-0.015622474179428636,3.6001443438367917,2.03490702082821,-0.6408186172992767,-0.36222429671888984,0.49374339536194617,0.8535026793472673,40.919921875,0.055139599565321974,0
-0.06237643297479031,0.7251932496248757,-2.423621204597022,1.6279637679547379,-0.0311530883426241,-0.3912094506200337,0.3105786025853594,4.05158497255176,2.3924681162543977,-0.8826490449649076,-0.5631874380250375,0.4745509449404648,0.8130670647264495,100.802734375,0.14501402839868416,1
0.010383787845662878,0.889815333006095,-2.0537206651352466,2.08289073900108,-0.05042786308357719,0.1705064998319714,-1.060598122273584,4.136611404136326,2.0032928020516696,-1.0623085332482725,-0.7627804189246729,0.7912872490354868,1.176443974428199,0.998046875,0.6374858327360652,0
-0.006470414583266804,0.6465083051935968,-1.7728845090710632,1.664368187269313,-0.03269746910691637,0.2386170169518937,-0.40721097504668924,3.4372526963403764,1.7401870399641468,-0.8244407206891469,-0.48289631414289114,0.40785267648359375,0.9375441180662447,218.572265625,0.06905404553877319,1
0.010779274263047048,0.9992920533794136,-2.2993864274277516,2.100367345190353,0.059108988000183715,-0.06812652862723984,-0.9404601310933733,4.399753772618105,2.358495415427935,-1.3497669362054892,-0.757209111937936,0.8351645989632521,1.2823844716181119,2.994140625,0.6551442939275532,0
0.007486846780480892,0.917082226589167,-1.8694195757070597,1.8154188818218757,0.041604737111695544,-0.04031693513763855,-1.2152806633482842,3.6848384575289357,1.9110243128187552,-1.2156567534351996,-0.8321567563235679,0.8008804578113126,1.2040163371439194,58.884765625,0.6761289981162915,0
-0.002578637024378397,0.6765539727480047,-1.757019657961803,1.857291331722925,-0.02298399181067348,0.1301091267852364,-0.274520919955628,3.6143109896847276,1.7340356661511294,-0.843015153181003,-0.48318586331403646,0.43884674904120713,0.895883120450383,180.646484375,0.1717392500868093,0
-0.26250714000410263,0.6062993188612776,-2.6395350387580465,1.98616422754149,-0.29997326486263776,0.5402636776797376,2.132503605135625,4.625699266299536,2.339561773895409,-0.9235794856807977,-0.6794281444667312,0.09329946257016412,0.32364301545294016,0.998046875,0.11299452149141267,1
0.008057133752833387,0.8145497736007884,-2.1399788504610178,2.104060161520097,0.02125193386657593,-0.03277478965374183,-0.5792591968271208,4.244039011981115,2.1612307843275937,-1.1319463784874915,-0.5773734317821992,0.5883599999608861,1.0765948198041122,88.826171875,0.10613435182601522,1
-0.0020123394409844175,0.6173592564980004,-1.4968212411378632,1.4027044499846755,-0.0915600744856124,0.19906819672569284,-0.6214675576829807,2.8995256911225384,1.4052611666522508,-0.7753983927297158,-0.450121712974792,0.49436580962952364,0.8616307635310906,250.509765625,0.09334275466173263,1
0.00019869727685779826,0.6675090520529249,-1.9186088680648048,1.8582694069601355,-0.004723815779808155,0.02357662910326513,-0.21951914625961733,3.7768782750249406,1.9138850522849966,-0.8699348082614197,-0.46025341951065024,0.430215595793091,0.889060545569776,239.53125,0.07731305959119512,0
0.015341497293978379,0.9711513896981366,-1.9932446852873,2.1452251658129837,0.03741805775506791,-0.058765932511568086,-0.979378115503569,4.138469851100284,2.030662743042368,-1.2746545600088026,-0.8013560241671007,0.8496217647400067,1.2409597400459855,2.994140625,0.7141130620675517,0
0.026129332992084503,0.619693835058093,-1.405507579969667,1.692559832153756,0.051856736129845746,0.07485948731845667,-0.4311259650722876,3.098067412123423,1.4573643160995127,-0.804980412663549,-0.4241896061412688,0.46056165493637635,0.788014066387714,0.998046875,0.06031810184449992,1
0.0010308769010812851,0.7634423613675306,-1.8846418138061658,1.8630436589976096,0.015807677566896414,0.07984086122833224,-0.4898811732216828,3.7476854728037754,1.9004494913730623,-1.0110995503324647,-0.5523541639005793,0.5342455986697542,1.0452290898466317,168.669921875,0.18804949608703236,0
-0.05661026882740172,0.9175701659093516,-1.8714698821667657,2.0086125846177754,-0.009936841072083629,0.028169363221647963,-0.9963875151131587,3.880082466784541,1.861533041094682,-1.276967534091709,-0.8508459423118523,0.6404158226208692,1.1923863080302182,0.998046875,0.7142483301072331,1
0.10863333876030354,0.7731224429442913,-2.031370501970556,1.9765001407836855,0.17122358787256461,-0.23593495155546826,-0.020863417734350076,4.007870642754241,2.202594089843121,-1.0512122084546127,-0.28216782412844843,0.5216817149312764,1.1432063415742328,4.990234375,0.28395279827835873,0
0.0050119133668569335,0.682296814331999,-1.976892775362759,1.8729473486589316,-0.01590577916713929,0.03422877099827933,-0.30294144963882275,3.8498401240216906,1.9609869961956197,-0.8562608383874353,-0.4712966477395466,0.4743489641469949,0.9179424716300043,196.615234375,0.1050418454215538,0
0.0003686713550663523,0.6369418554557911,-1.7110422632045608,2.0650051031345535,-0.06420954914324221,0.181495888866695,-0.04614764781592973,3.7760473663391143,1.6468327140613186,-0.8340017768836397,-0.40205553130307103,0.39511648362057666,0.8827404662292949,242.525390625,0.07395152899495518,0
-0.000745093123348378,0.681681831882698,-1.7615103054989893,1.5624537913900631,0.010622327847361675,-0.025596516713481846,-0.6405122237798615,3.3239640968890525,1.772132633346351,-0.8591532967349204,-0.535575261772374,0.5091444909145983,0.8708486570150484,164.677734375,0.10163639631634351,0
0.006977441043089221,0.680501664277254,-2.581313720958547,1.7109796713180951,0.0467634884846367,-0.35583328751708926,0.6861129414007361,4.292293392276642,2.6280772094431835,-0.8613805220269914,-0.39226091813064606,0.44174369732441776,0.8556765768881254,190.626953125,0.1009020164776779,1
-0.0016046949806672768,0.9611607450983849,-2.278705155852963,1.9296704939952969,0.035436200734037776,-0.048610921258656486,-1.1601863382626783,4.20837564984826,2.3141413565870006,-1.1929925221765898,-0.9187317191112779,0.8188502599154555,1.2523183993040774,54.892578125,0.7557044487751844,0
-0.0018786081183574423,0.6328475828298473,-1.6344690395102137,1.724229920450489,-0.017776680166479673,0.10722890997018829,-0.22055338138993053,3.3586989599607024,1.6166923593437341,-0.7956558792499127,-0.42434984582770163,0.41587148705984106,0.8820574707370276,249.51171875,0.18494665319975226,0
-0.0015995341563998147,0.9089177120833317,-1.889775054776359,1.8935315356253322,-0.061442336941373035,0.06649303477952977,-1.0813632185935227,3.783306590401691,1.828332717834986,-1.1788296895351666,-0.7544682266462265,0.8481460355947978,1.2158672328034912,71.859375,0.6526612668517183,0
0.03803329479751352,0.6719429586976687,-2.8140869389035723,1.7568884556394455,0.02698266661457186,-0.25610045711394896,1.0759463273445213,4.570975394543018,2.841069605518144,-0.7687801686439214,-0.4238282156757608,0.46683944874495426,0.9238561717434962,0.998046875,0.11813679134530648,1
0.00721412960420063,0.6541942802367972,-2.046407260701386,2.020448615002879,0.03735421739591287,-0.023565239723994366,0.3203773139831365,4.066855875704265,2.083761478097299,-0.8012252863130972,-0.42055502223878877,0.42403753515982334,0.8120599666006131,243.5234375,0.04298203446435325,0
-0.025546919475709876,0.5809920137916555,-1.3454329216171272,1.558709965177004,-0.11245446586953325,0.2669252044169354,-0.47058707407362776,2.9041428867941312,1.232978455747594,-0.7406489517287557,-0.43779824052178523,0.41110791568357197,0.7659619569526284,22.955078125,0.09567364798658624,1
0.008014442854820808,0.8871439364642237,-1.9971364588233582,1.898950489872677,-0.0075502821663545085,-0.02995041290569633,-1.0929761124597082,3.896086948696035,1.9895861766570038,-1.142202236562634,-0.7427629858163821,0.7734199444660609,1.1305260631881702,76.849609375,0.6578209075993116,0
0.020861411279436925,0.8376941261188378,-3.275257286676744,2.1109840362380177,0.09581737542732648,-1.116617820690898,2.860697255659286,5.386241322914762,3.3710746621040704,-0.9449317401859493,-0.38519808227515495,0.5248035228098038,0.9997531017649058,3.9921875,0.27426758383855576,1
-0.012113359928808493,0.6881402844321023,-3.4618195637512117,1.5002560228864426,0.041585996342095394,-1.4467722034369432,4.2326631771903624,4.9620755866376545,3.503405560093307,-0.7052088295102159,-0.31453027640508957,0.4316171551888537,0.6929794346651681,238.533203125,0.06948244097646189,1
0.009489188862751383,0.8626569403401988,-2.261132973318504,1.7529759649677092,0.0020943526486894345,0.01275903195663612,-1.0169238304846646,4.014108938286213,2.2632273259671933,-1.0952834414134696,-0.7751938182336452,0.7307004634363328,1.1672091649894685,17.96484375,0.44714869490807574,0
-0.008004567529217924,0.8554488566907431,-3.209223748663507,1.907048592953538,-0.09407177846509185,-0.027407274127291107,-0.35164717463325523,5.116272341617044,3.115151970198415,-0.9821004452705187,-0.6894989319489861,0.6998738099028257,1.1783730055670463,0.998046875,0.3655241901258818,1
0.003949751618106977,0.642131845681789,-1.5674185985647324,1.9005740407480138,-0.006164497936392312,0.05465125040078709,-0.445430697182978,3.4679926393127465,1.56125410062834,-0.8534316345880453,-0.439325887654427,0.4575915023409357,0.8220452827586584,203.6015625,0.06916592673931526,0
-0.16260987595165943,0.3402339162173836,-2.201405664329311,1.8610261085143562,-0.18962928411758545,1.497123127684621,16.715095134663578,4.062431772843667,2.0117763802117254,-0.18962928411758545,-0.18962928411758545,-0.18962928411758545,-0.17621421212999724,26.947265625,0.009248968238115472,1
0.002951158017757671,0.8667131053490877,-1.9648767620697825,2.018158492874987,-0.004190927957685595,0.09297340067071949,-0.9972714523838779,3.9830352549447694,1.960685834112097,-1.1192173320681573,-0.7378188091647746,0.7295844166899045,1.1448867160665654,66.869140625,0.5350148364062757,0
-0.33288715602374686,0.7124626543874645,-2.015671688372255,2.240901933409569,-0.6964323611145453,1.1431833691197095,1.2383645887947168,4.256573621781824,1.3192393272577096,-0.7413908272759911,-0.6964323611145453,0.19621685535061584,0.6698181648795165,0.998046875,0.10774034090100536,1
0.02475359194527585,0.9510423169769496,-1.8759905580932619,2.2792619953068587,0.08719624744560013,0.19955193786405487,-0.7479417504425614,4.15525255340012,1.963186805538862,-1.260038844616022,-0.6997304405749267,0.7321615904792708,1.3682257277658245,2.994140625,0.4327809851848053,1
0.0014780174580082267,0.8667187234140681,-1.9885458208927909,1.741743080633381,0.013552534388649194,-0.0011053435182662016,-1.0859844681360942,3.7302889015261718,2.00209835528144,-1.1596996855841835,-0.7598273268284748,0.7110413734708069,1.1521344403432396,0.998046875,0.42405174828516745,0
0.019279356000138623,0.7363956517179974,-3.5947573557383037,1.5894832778248014,0.013790137319717982,-0.5602228199323552,1.4337940335749497,5.184240633563105,3.6085474930580217,-0.8721285829292501,-0.4737654264095404,0.5445861780992043,0.9680715312290278,0.998046875,0.10813138924703297,1
-0.029429672471258897,1.022703730221507,-2.712212250447117,2.21298585625578,-0.10486851496418673,-0.07705260943982246,-0.845189751826767,4.925198106702897,2.6073437354829303,-1.2435453094545157,-0.8559522773813124,0.8821002070910743,1.3194878501022946,1.99609375,0.7282211685612432,1
0.0014919810803642707,0.7591422603000175,-1.8438676412142503,2.133937262215394,-0.03170760590724957,0.07078432373557596,-0.5904608933394768,3.977804903429644,1.8121600353070006,-0.9823417681019455,-0.5919080568928232,0.5777174755349765,1.027431137403115,164.677734375,0.18179268753672026,0
0.010792624276598441,0.6954196773562784,-2.0372830421358805,1.759693492157021,0.02250201328408286,-0.15760803343280705,-0.3543153368092202,3.7969765342929014,2.0597850554199635,-0.9389271468617622,-0.43651788056952157,0.5265990634322519,0.8928054766779869,31.9375,0.08423810615701485,0
-0.0004244647005711144,0.9712069641559967,-1.8570498219594649,2.0027099143447584,0.05023863005702345,-0.04852062531429635,-1.2300741805881739,3.8597597363042233,1.9072884520164883,-1.280728414708772,-0.9113113346857751,0.8508707958153018,1.295709205561968,1.99609375,0.8265748289333829,0
-0.011172081573421089,0.8052105221336713,-2.061131133168617,1.824865525469892,0.02529419465631802,-0.18626256689883713,-0.6553397449443956,3.885996658638509,2.086425327824935,-1.1566889769845696,-0.5867611515503864,0.6160642489488601,1.0272834137230795,0.998046875,0.2647378571263543,1
0.0011079267973610266,0.6926454205614693,-1.9219528379361788,1.8653719059519853,0.0352830259043262,-0.13971825386626202,-0.11838719449110435,3.7873247438881643,1.957235863840505,-0.9158917785754563,-0.46878600479725563,0.4602542484866835,0.9083553200802063,96.810546875,0.2802393744144462,0
0.0038390701564043617,1.0161963163560508,-2.0507792376718457,2.1746229967841657,-0.05554259049038278,0.11037040085178791,-0.9524951863048878,4.225402234456011,1.9952366471814629,-1.3751851069353938,-0.838183097482671,0.7743510816630709,1.4839720238333367,1.99609375,0.5484457531792186,0
0.01568192792923548,0.8507634823088214,-1.8346363769552494,1.6491501716781227,-0.019302583657062382,-0.0707892289392299,-1.0425795186360578,3.483786548633372,1.815333793298187,-1.132633067083603,-0.6751241212558436,0.7266575811874922,1.1854254945678633,0.998046875,0.20861781301553253,1
0.1605156940353176,0.8529645854305993,-2.2473291503918276,1.8138584918701934,0.25598284480450395,-0.44753048129826395,-0.4251420078652681,4.061187642262021,2.5033119951963316,-1.033708376813095,-0.43680623691883247,0.8523061900830389,1.212327641310453,4.990234375,0.2638373814412236,1
0.028113903827961473,0.9674194997888422,-1.711418197225385,2.1308634569536418,-0.05569078509183435,0.20570290677790656,-1.0409289144066372,3.842281654179027,1.6557274121335506,-1.2356704722978107,-0.7582735175296693,0.8303848892528432,1.4518142346389928,1.99609375,0.7560075041603912,1
0.00527763719617221,0.6867982834809984,-1.770475912001588,1.9690212853801612,-0.02271072689708141,0.04639783321991,-0.4124924542121988,3.7394971973817492,1.7477651851045066,-0.8619943915603082,-0.48507597127538993,0.47788682068131255,0.9481754656464265,208.591796875,0.13166839762837643,0
-0.0504493355179742,0.8787491613254297,-2.0028022333696915,2.149087070533248,-0.0930397031381117,0.07251824780083349,-0.5803796870118112,4.151889303902939,1.90976253023158,-1.3099744607090464,-0.6281198491095503,0.5640856736707284,1.1597012683964383,3.9921875,0.5458511027225743,0
0.01370731271238606,0.661554927990489,-1.8947586983810785,1.9093324598704182,-0.0062570269768796715,0.049962186454428535,-0.1308249319561483,3.804091158251497,1.888501671404199,-0.8374226816124072,-0.4229215276414704,0.44719384312067945,0.9333932335686005,193.62109375,0.11395377392724071,0
-0.0029721729390211997,0.866589950010931,-2.174652862795094,1.8286362660196103,-0.008251458805931635,0.04049137230742182,-0.9067272193790066,4.003289128814704,2.1664014039891626,-1.1578407070307026,-0.7190521270425344,0.6862001831008225,1.1691111781934476,84.833984375,0.3526053204520618,0
-0.006628596405745972,0.849684913653214,-2.497972000809476,2.1972910467795566,-0.02990440942941695,0.05798622807278925,-0.18333109108704893,4.695263047589032,2.468067591380059,-0.9614098310975752,-0.6406955503448059,0.5840828696438839,1.133015261176144,96.810546875,0.23349918393524893,1
-0.017084763294653416,0.9030905762140579,-2.7307825980830893,1.5765446524381779,-0.0017965357071960879,-0.3125416224360793,-0.7146728916993621,4.307327250521267,2.7289860623758933,-1.077112110574377,-0.7549163021162257,0.7967848551943445,1.1233429817436227,0.998046875,0.5213766966175369,1
-0.010759415984806814,0.8321402067598567,-2.0233472542193223,2.050800070934899,-0.07128835104496824,0.253290707322028,-0.8673900680644429,4.074147325154222,1.952058903174354,-1.0141845025077525,-0.70122277430601,0.6605440708453147,1.1379857229583055,0.998046875,0.4125591220327759,1
-0.013421116498423077,0.4365898939596772,-3.3684674062662556,1.7129443664866453,-0.03276517895331615,-0.9985665234873163,14.065888112948397,5.081411772752901,3.3357022273129395,-0.03276517895331615,-0.03276517895331615,-0.03276517895331615,0.3713030610177262,15.96875,0.02902203455753154,1
0.005005841958833912,0.8734636150894166,-1.6538715138084452,1.7501686264086078,0.024849083190425107,-0.01973420345213863,-1.1424797650151717,3.4040401402170533,1.6787205969988703,-1.1955248799582854,-0.7557944525102902,0.770739040168348,1.1906314161224019,8.982421875,0.49313062027091936,0
0.07461685733291618,0.8834093503360944,-1.8282772375778835,2.2295526461499016,0.10343832153320809,0.07304495030766163,-0.4696033318490094,4.057829883727785,1.9317155591110917,-1.1545771846187738,-0.5647633659366308,0.6256070298773063,1.293090862048284,3.9921875,0.41367194343277003,1
-0.007362433371256836,0.6379890424927762,-1.933143312744749,1.6513735256950277,0.0358369124660627,-0.24832656659671506,0.0025648089429837206,3.584516838439777,1.9689802252108117,-0.8670702215922655,-0.43976221332602183,0.4333495218144002,0.7769505707797268,206.595703125,0.1012690530045565,1
0.21459092782499264,0.7702411775433907,-3.192757082949753,1.81852345163452,0.5539293099993029,-1.1380447978129136,2.211256798555711,5.011280534584273,3.746686392949056,-0.9051333084812974,-0.1248011210935699,0.5539293099993029,1.0603442213657102,5.98828125,0.2021076371937244,1
0.012218419812143437,0.930005475454363,-1.8729768700180236,2.1578474351463304,0.04026040873269547,-0.005979192623369836,-0.9863521155260822,4.030824305164354,1.913237278750719,-1.2903476614592633,-0.7314294752680769,0.7590242144535352,1.2724544187963587,37.92578125,0.6932657954566259,0
0.0015696109583459017,0.8762641165079649,-1.8755883357811254,2.0115124386339565,-0.06760456798913655,0.07132054194682144,-0.8988098187508657,3.8871007744150816,1.8079837677919888,-1.1293272089282895,-0.671788793830548,0.6748311770127406,1.2532551860621315,0.998046875,0.4491465184630512,0
0.022922573745525754,0.8674266805753061,-1.7455069576745823,1.980383934713524,0.0077815146476575845,0.01685624582362856,-1.1394914184429918,3.7258908923881062,1.75328847232224,-1.1229759200986185,-0.7139702350408544,0.7958318687266756,1.1638126345966051,0.998046875,0.5291136026368296,1
-0.07699003687362455,1.006352225694183,-1.728090783070007,2.3224871426664846,-0.13961243702940995,0.1932340737666806,-1.240016301856243,4.050577925736492,1.588478346040597,-1.2542909743723702,-1.0756399400139758,0.7872964812160562,1.2688281784523334,2.994140625,0.382903735556608,0
-0.004482971075905361,0.5936050291061759,-1.7905324275380072,1.6764100049420059,-0.02642705167831966,0.040224734215605136,0.041096046954581134,3.466942432480013,1.7641053758596876,-0.7574872292160849,-0.4203455128085578,0.39658192579049356,0.7573067788035224,140.724609375,0.04551153489575081,0
0.0012027109135110368,0.8144465799314248,-1.9755190231091775,1.930222677489294,-0.0059069699440268235,0.010721228739899362,-0.9192925544202177,3.9057417005984716,1.9696120531651506,-1.0540905067761388,-0.6872951163527317,0.6557143257734119,1.0977448272838741,118.767578125,0.4868678944655344,0
0.01296051623531183,0.6861806471991817,-1.789585263522873,1.69443542329179,0.0154188200743272,-0.0743148315603664,-0.4217009633185995,3.484020686814663,1.8050040835972003,-0.8340402992173546,-0.4743035062889272,0.5068167310727552,0.9186132150662342,134.736328125,0.13752388578122843,0
0.0015690016263069304,0.6714673620294879,-2.138702646616465,1.7384371285956794,0.0024819358277180107,-0.07964388770854967,-0.251349014378607,3.877139775212145,2.141184582444183,-0.8884515922306893,-0.4598830207349039,0.4989738898546916,0.8169098238073844,209.58984375,0.09604797041953066,0
0.0022842267006393142,0.7227008928418461,-2.321258999825239,2.0249736085453494,-0.017742231817937312,-0.07591494357839855,-0.17331891811581102,4.346232608370588,2.3035167680073014,-0.8780505300532999,-0.4813889029160949,0.5190445288499065,1.0023823449160545,28.943359375,0.12485519009354074,1
0.0005331659795580757,0.9906528691165497,-2.1275103344884,2.188613325992015,-0.044750245701048096,0.045874424726454,-0.9058040558639768,4.3161236604804145,2.082760088787352,-1.2781232625907082,-0.7972445721608044,0.7964530492780767,1.3705595689434908,32.935546875,0.6579242365418014,0
0.1056453203514611,0.6555333377664226,-2.3162191894429993,1.8880727670580177,0.06401178969978516,-0.26755993440505976,-0.09778472254807813,4.204291956501017,2.3802309791427847,-0.3594674632140868,-0.3594674632140868,0.6243003511917274,0.6243003511917274,0.998046875,0.1477830114889218,0
0.03552779978699269,0.7019868150028871,-2.0777599452507243,2.0307751200519943,0.038898188141561985,-0.034056744277493035,0.25356252419498304,4.108535065302719,2.1166581333922863,-0.8575612785412003,-0.3652945604876105,0.40457196215421687,0.9858807243859938,0.998046875,0.12111000447673732,1
-0.005654060512506373,0.8490547771503203,-2.2216111457389895,2.081155864432969,0.08507223568885203,-0.19499515387972444,-0.7778204124422214,4.302767010171959,2.306683381427842,-1.1539022852150587,-0.6736553081197884,0.681738608005018,1.0879411252561606,0.998046875,0.300062880427257,1
0.0072768492087688375,0.81733998287719,-1.853140884269191,2.0972707696799135,-0.007059009901359862,0.03591810857366866,-0.7964750210862395,3.9504116539491045,1.846081874367831,-1.083482259309345,-0.6307144864652865,0.6650880039605043,1.0947853121700952,135.734375,0.3118946750371911,1
-0.3688035814026456,0.38480022878866565,-2.475896793301207,1.9321858523178772,-0.5276583027886262,1.5366430075759256,5.477617347953732,4.408082645619084,1.9482384905125807,-0.5276583027886262,-0.5276583027886262,-0.5276583027886262,0.34428805697122045,0.998046875,0.04500766477213976,1
-0.06589091367521206,0.7787641316993839,-2.650076919472995,2.0078392514335697,-0.06004779348408317,0.41190837340092495,0.6133830952885284,4.657916170906565,2.5900291259889117,-0.9694420433252774,-0.37656132578147666,0.17349159987459134,1.2362594132185878,4.990234375,0.22343076787699748,1
-0.0013209089998293122,0.9593698642952888,-2.185840952315423,2.68653233653719,-0.12656682761166513,0.31860986377323375,-0.4964084016387398,4.872373288852613,2.0592741247037583,-1.1508623604740718,-0.7871963232994907,0.8016966365713248,1.172560477757191,1.99609375,0.5117194079263827,1
0.03195876493509439,0.7338327802604669,-2.303485635618673,1.8353916205973226,0.07086660745032157,-0.09578906852512689,-0.3725046974581194,4.138877256215996,2.3743522430689947,-0.8680649068404559,-0.5409665949698877,0.5928805762397582,1.0057144250737269,0.998046875,0.1844107035574892,1
0.00798960284475883,0.8583979600284432,-1.765438046677562,1.8267485092851052,-0.03070565349045843,0.05099595416906393,-1.1276197220300546,3.5921865559626673,1.7347323931871037,-1.1269796756209685,-0.7133395182501241,0.7701370620779185,1.1684596358943116,17.96484375,0.477159915767876,0
0.12859584825771714,0.5100289389625381,-4.19451937522859,1.7126268545758054,0.06484668351435541,-2.4421891328622523,18.453180758230026,5.907146229804395,4.259366058742946,-0.18864025252235708,0.06484668351435541,0.4473640168609625,0.4473640168609625,12.974609375,0.03398417971979662,1
0.0543455292668327,0.7625524307573796,-3.1495478155074292,1.6619930855490466,0.03147915139518025,-0.20461001706351478,-0.13906756937828124,4.811540901056476,3.1810269669026097,-0.8808099045216894,-0.6471997302012992,0.690207608590054,1.0352918695768458,0.998046875,0.4705434419489251,1
0.015316391489535036,0.6694214593088857,-1.8797329045539033,2.2180426019742994,0.01790819706940231,0.16350820866316362,0.23876263964302868,4.097775506528203,1.8976411016233057,-0.7867766736175777,-0.4575557780297857,0.3989274496293949,0.8684347832858292,244.521484375,0.08768045366871854,1
-0.07791498740514036,0.8763179532526802,-2.174293596464848,2.046643662281212,-0.3376468881483179,0.2343741168885714,-0.41302761089323115,4.22093725874606,1.8366467083165303,-1.1914147113257023,-0.5509774014069284,0.6221261815381682,1.1805349525771653,3.9921875,0.3328914816002488,1
-0.02353452390295055,0.5622554796307455,-3.8642006535002142,1.5781434635262102,-0.014787115520291445,-0.9036476823169305,5.395387833120463,5.442344117026424,3.8494135379799226,-0.6674402651990471,-0.36701118870941074,0.357515155270568,0.6181185931609655,20.958984375,0.027687484742320037,1
-0.004790318337156986,0.775535092784879,-1.974955373135189,1.9120866423589116,0.017161348893320067,-0.11494522188406779,-0.7067596592071834,3.8870420154941003,1.992116722028509,-1.0398799682851996,-0.6187267985408493,0.6121373761659467,0.9684681748976387,96.810546875,0.4037126592047914,0
0.009451685769787211,0.6010534438767176,-3.769187575023806,1.5554386691659683,0.04618429202794184,-1.2107113801206528,5.267481830525032,5.3246262441897745,3.815371867051748,-0.6374748309431006,-0.27447769606142547,0.36900199554815977,0.7180784696027083,191.625,0.04804585255638084,1
0.049605508280925886,0.7525776699531241,-2.568957122905357,1.6518231644864814,0.025532242239491517,-0.3067120391910633,-0.18857470354331696,4.220780287391839,2.594489365144849,-0.906597463877108,-0.5012821437457008,0.6713255057087177,1.0192448472124698,0.998046875,0.28022876450528,1
0.027753308774561225,0.6790588770313055,-2.1238104388368106,1.5536151754568688,0.08338243228576367,-0.43569961308635646,-0.0663411492581627,3.6774256142936794,2.207192871122574,-0.8670332096023435,-0.4500076696359058,0.5735889385126476,0.8790871691834559,224.560546875,0.0927821612614459,1
-0.024174593396401774,0.5923753424282134,-2.055051411591638,1.581727242819713,-0.008435467265548294,-0.12919320916358976,-0.18707902897198236,3.636778654411351,2.0466159443260894,-0.8173994266108799,-0.4146746722883538,0.4109337799711257,0.7353479363769181,62.876953125,0.05813122880539333,1
0.012510205703627313,0.8529009270886801,-2.5221416048482093,2.152115483406386,-0.03535319943341808,0.0876297055001529,-0.6217631060038578,4.6742570882545955,2.4867884054147913,-1.0330853388931136,-0.6658550719764718,0.6947359243381265,1.1493907216748511,106.791015625,0.32738278031159407,1
-0.01530417638212482,0.7624103609331854,-3.2496594132026506,1.7916968214075806,0.05991104077774259,-0.8555820780229985,1.589193791261188,5.041356234610231,3.309570453980393,-0.8848589497303898,-0.4462728672452627,0.52910556331564,0.853359890691662,0.998046875,0.1647149659827718,1
-0.11529296063729837,0.2298124875083883,-1.696845557724642,1.5065722337685201,-0.16117086472635306,1.2918702376103055,25.276931747569368,3.203417791493162,1.535674692998289,-0.16117086472635306,-0.16117086472635306,-0.16117086472635306,0.10115639266298296,0.998046875,0.00380673899440644,1
0.2766323758853355,0.43930823430279464,-2.4750875497240523,1.6477957409763038,0.41851855757887857,-1.8571895101027784,6.3655115234032085,4.122883290700356,2.893606107302931,-0.44625271535096134,0.41851855757887857,0.41851855757887857,0.41851855757887857,0.998046875,0.034955563636816664,1
0.00010620051575924855,0.6347312608289492,-1.6358084738462526,1.7229920410949995,-0.038166873033486926,0.22067098420290754,-0.1795950122978085,3.358800514941252,1.5976416008127656,-0.8123160690700229,-0.4506361664962304,0.39134364246292724,0.8536404855654247,248.513671875,0.05637831858333642,1
-0.0024576069815804204,0.5743939715110309,-1.4765226279613293,1.638785816398407,0.04187202314168363,-0.07074138313251457,-0.08763382216752058,3.1153084443597363,1.5183946511030129,-0.81625557988074,-0.3691243803494784,0.3716855304904349,0.660052770457341,60.880859375,0.08475234918228854,0
-0.019408784938805917,0.6097472616862615,-2.3689031170910573,2.0053564411415237,-0.03075254881157153,-0.07720130172795263,2.5255123445426326,4.3742595582325805,2.338150568279486,-0.7727091598187348,-0.03267446981964486,-0.028815464718621883,0.7741759000800262,7.984375,0.1102150920983986,1
0.0015717924697046665,0.990088373027033,-2.130379291151827,2.0782379276874514,-0.059972067596607705,0.16931561374678408,-0.7754055205839725,4.2086172188392785,2.0704072235552196,-1.283711135915185,-0.7642253280797062,0.6809449504961946,1.4854349229936548,1.99609375,0.3636452540476395,1
-0.020422323786535745,0.9018678427634024,-2.3702712453988757,1.7642986611890394,0.04247835295455776,-0.27028162106913917,-0.735079418977425,4.134569906587915,2.4127495983534333,-1.2405669737085712,-0.6632378977427285,0.7601789972333424,1.1577413093944096,0.998046875,0.370936998130069,1
-0.05508336358185778,0.8526177985010169,-2.1766724445017154,2.270020293966219,-0.128207042817212,0.1967025074936913,-0.36121118039241296,4.4466927384679344,2.048465401684503,-1.0929477670060848,-0.6420961748709004,0.4699135616738421,1.1898232632331278,3.9921875,0.36341835585946153,1
0.009284470279803142,0.8519134825987793,-2.0900301351335826,1.8225430988833595,0.07545864739081065,-0.07267228004056787,-1.0438949865779128,3.912573234016942,2.165488782524393,-1.140499089711782,-0.6491165604612953,0.7279684681455658,1.157657788984144,0.998046875,0.5590805616090304,1
0.017127649492283764,0.7284621107643742,-1.9417657859604067,2.174314532848306,-0.030308102866642005,0.1746249352105598,-0.599011998384233,4.116080318808713,1.9114576830937646,-0.8620870305681516,-0.5798760255916031,0.5660694839949642,0.9875013547799586,0.998046875,0.12677078964934452,1
0.006813113627438326,0.5779235943563082,-2.954091740934707,1.6418832233351595,-0.03513552229037202,-0.255269871261123,2.4763589065543483,4.595974964269867,2.9189562186443347,-0.6330967453769509,-0.29360964443515364,0.29713222204072137,0.7694841248914477,97.80859375,0.06619228188059921,1
-0.003928587538942131,0.7579351876048152,-2.2152104462839812,1.9466459952632675,-0.07786760047838567,0.10114108923324808,-0.18298197007796713,4.161856441547249,2.1373428458055956,-0.8982849792178352,-0.505062116629804,0.5129657192305341,1.015880672373374,164.677734375,0.1568958163710502,1
-0.2245293130077551,0.9495480062580407,-3.173604834699865,1.8088187082668408,-0.4310545361185626,-0.01513346705459704,-0.09619977727443452,4.982423542966705,2.7425502985813024,-0.9467101282473435,-0.9394358710901243,0.6756970161717932,1.130493164735814,3.9921875,0.3588668837781077,1
0.06075176755270208,0.9412528935231346,-1.987531686353898,2.4335557264114294,-0.06806877047548016,0.19195837322538423,-0.9938577793203689,4.421087412765328,1.919462915878418,-1.1217268134597196,-0.7154216903103017,0.8997336390515265,1.3010999981354745,1.99609375,0.5610584226487402,1
0.031010396528452187,0.46428646842440763,-2.382751267297857,1.3603678577633629,0.022856840096707454,-0.2779834326853064,1.4483674411927723,3.74311912506122,2.4056081073945643,-0.526217796851047,-0.23290365768684804,0.3042651321188156,0.6409275385045251,70.861328125,0.06645792907734012,1
-0.0013799370572952288,0.6743068817826726,-1.6691122707922175,1.8020614460014903,-0.03859116891144897,0.16714008074021763,-0.3625952906870036,3.471173716793708,1.6305211018807686,-0.8692220169422683,-0.49563516905553445,0.4583963205190017,0.9020895706869738,198.611328125,0.17448033074021108,1
-0.09925754893806708,0.7173747949768825,-2.141736799400349,2.247366974313614,-0.14136496560918463,0.12526987257053665,0.06930144092926493,4.389103773713963,2.0003718337911645,-1.013539748655593,-0.5544597150485748,0.35940324247062344,0.8119783608257831,149.70703125,0.06775584935412869,1
0.0052748594642207935,0.9632243291787433,-2.0730319619121835,2.1637937465912827,-0.03925941690026269,0.02396246236610584,-1.226266106816641,4.236825708503466,2.033772545011921,-1.2215187336478186,-0.831621259850139,0.9341018606724324,1.2576601174381314,0.998046875,0.7829586088736498,0
0.009023995535792455,0.6754967752150378,-1.6901958722182076,1.7114546456468331,0.020348547616811145,0.03447781617220002,-0.42903506101716493,3.4016505178650407,1.7105444198350186,-0.8935108764537737,-0.4547462693483693,0.48061593958582427,0.8742545396197634,192.623046875,0.12813691244732872,0
-0.005478841996656408,0.7917672182013049,-2.079456791243709,1.8243530432882908,-0.036577716258692744,0.06581293497521383,-0.856266384081442,3.903809834532,2.0428790749850165,-1.0557186229970226,-0.6362069697846648,0.6577608982531697,1.047304017212529,120.763671875,0.21050972004192775,1
-0.05825355192674603,1.0390569308692819,-3.1074588622700414,1.785004667087488,-0.04731459327032719,-0.47118322277827246,-0.13570209733826388,4.89246352935753,3.0601442689997143,-1.2040955847717758,-0.782169970729255,0.8064217669205245,1.270504317326778,1.99609375,0.7428172166817536,1
-0.006837778032071723,0.7878289693743032,-1.5923805176893273,1.9941434416467008,-0.012373327640210442,0.15142854094764388,-0.9042866873185065,3.586523959336028,1.5800071900491168,-1.0332382813033696,-0.6745309114857979,0.628298517339061,1.0494938488258718,101.80078125,0.4279375199510568,0
0.010221968811385346,0.9190379845666031,-1.9243721388599015,1.987051555468023,-0.05677431032986907,0.13078926322323495,-1.1123808329815086,3.9114236943279246,1.8675978285300325,-1.1018292060993735,-0.7992682171504494,0.8005611154496979,1.3151044543664425,0.998046875,0.6054811335291852,1
0.023287973510815078,0.5330070321514687,-1.806840197673577,1.634564743656012,0.019349061143382557,0.06611291052896101,0.023901420142344865,3.441404941329589,1.8261892588169597,-0.6523631373348139,-0.3496844376465536,0.36677960378324714,0.6973839832448167,26.947265625,0.10338490021363111,0
0.0032810805569411395,0.7958483930547701,-2.0061608633981236,1.893681239168392,-0.026267691137169803,-0.047399241872273366,-0.6414328019186328,3.8998421025665158,1.9798931722609538,-1.0505710775292796,-0.5678349897958066,0.5559786393374012,1.0794412061440466,143.71875,0.239743944119336,1
0.01944514516361845,0.8431396707816134,-2.2370123653939555,1.700663921631146,-0.0010285497832724963,-0.06334895141011773,-0.9601284809977679,3.9376762870251016,2.235983815610683,-1.0072332243163926,-0.6897324082890903,0.7708824659927717,1.1350335800507059,1.99609375,0.42804832059440334,1
0.002071744945438353,0.7298947256203456,-1.942703180614221,1.8622747373033506,0.046990506081465586,-0.12539551956919232,-0.5035204385208298,3.8049779179175713,1.9896936866956865,-0.939015927762493,-0.5503008778109983,0.5488450004573802,0.918259003596083,0.998046875,0.16453516442504496,1
-0.013356534304888146,0.9889539647953542,-3.0984639726709027,1.9599152043117272,0.045529581922206894,-0.4047374639863467,-0.3494894510004114,5.05837917698263,3.1439935545931097,-1.254381869717878,-0.7515404273277477,0.7650108379989956,1.1988986202974168,0.998046875,0.8039683635312102,1
0.007189224500501015,0.6022365243839376,-1.7561809745101173,1.6807256016145455,0.022490907241078627,0.0348145490142438,-0.08896480998326695,3.436906576124663,1.778671881751196,-0.734287052340568,-0.3958504346488548,0.38024822307675743,0.7972085920159552,199.609375,0.057328041891773526,0
-0.47244305478668913,0.9863038669437629,-2.7496970751089513,2.080733511688036,-0.8271692269871131,0.7003893261190643,-0.5715007969712387,4.830430586796988,1.9225278481218382,-1.4927937825988375,-1.2273637713046837,0.18658518975079386,1.1567378280047322,0.998046875,0.27793551548471024,1
0.003612258770585325,0.98472950706101,-2.833198434186916,1.9652893599919803,0.061674848197346505,-0.21495677769594052,-0.5874731566227793,4.798487794178897,2.8948732823842627,-1.2741984936754398,-0.7641849384471986,0.7951615010359876,1.2686062862837093,2.994140625,0.7203643878032648,1
-0.04246164814457666,0.7579354170884646,-2.0060747152506107,1.8903451732041283,-0.07261253454257617,0.11462062670915564,-0.5687924643374016,3.896419888454739,1.9334621807080346,-1.029834604610289,-0.6234838817131491,0.5030636445834638,0.9801204055578259,163.6796875,0.17445700099734035,1
0.0007876635627588995,0.817784407229041,-1.8634802625762992,2.0521187175717834,-0.047326479032967946,0.06814814719108613,-0.754482493317151,3.915598980148083,1.8161537835433312,-1.0954429451606902,-0.6201262183745087,0.6392142155259831,1.0631264504909161,147.7109375,0.24596504709605252,0
0.00013913500412678775,0.5978876597760926,-1.9996089032801865,1.6361674972003537,-0.019030801646358737,-0.07540731230592734,0.07085088015591179,3.63577640048054,1.9805781016338277,-0.7542031146950446,-0.3862371488013019,0.4075506383737932,0.748230426813592,203.6015625,0.047633817273263074,1
0.014394469990091002,0.8288145063575508,-1.8491406227644287,2.336711482452394,-0.048411443541925545,0.44869276589486234,-0.03015377361299043,4.1858521052168225,1.800729179222503,-0.9721926465146078,-0.5872082492063885,0.45660066174079383,1.170521576788735,127.75,0.2007529435252902,1
0.0024644624452498654,0.8630200104801977,-3.043105790038996,1.6964339335378136,0.04184575258547456,-0.5427350575909984,0.3263708628729791,4.73953972357681,3.084951542624471,-1.0785238053524953,-0.5304746275674774,0.6429372079087967,1.0617309394019616,0.998046875,0.3210449295302429,1
-0.04205452292836803,0.8600941982009775,-2.0776664323440204,2.280746964042599,-0.10321698710702251,0.04187121687761888,-0.5872209166521016,4.358413396386619,1.9744494452369978,-1.0819925506437216,-0.6457164303205428,0.6426949740518784,1.077885326399495,0.998046875,0.23637324517483008,1
-0.0021243414412577336,0.7575847388035376,-3.661564888956513,1.352375974168368,0.11473606094723499,-1.012988930894597,2.232301873095091,5.013940863124882,3.776300949903748,-0.8697187579605457,-0.4764975359892844,0.5006452594674151,0.8873518076092848,167.671875,0.22822314493728954,1
-0.0011177544348516255,0.9420079322097703,-3.024042834272463,2.0047435475487023,0.05400703419652922,-0.2893479674532326,-0.4328937129585997,5.028786381821165,3.078049868468992,-1.201502012336736,-0.7090258528373836,0.7674046919442418,1.1546541873260725,0.998046875,0.6635305580774657,1
-0.017515105059910704,0.8693188388358815,-3.259706604177906,1.9603092728785152,-0.09001560216668578,-0.10802212840274414,-0.5131101395258426,5.220015877056421,3.1696910020112203,-1.0224743811165342,-0.7034612869409269,0.7735327740212498,1.13128971792178,0.998046875,0.40026800847232247,1
-0.0032865561668960416,0.9260519359208551,-1.935060880791059,1.9477496072893135,0.005052473765588715,-0.017088500046117547,-1.2323221603593904,3.8828104880803727,1.9401133545566478,-1.2304873261168137,-0.8358321049240247,0.8289689701218824,1.1888849455935409,70.861328125,0.7233615437275739,0
0.0029693965823611237,0.6573698273595505,-2.724086269335282,1.7719447618811095,0.047798707633840795,-1.2609559336923613,3.1993551287436475,4.496031031216392,2.7718849769691225,-0.6717625366180128,-0.24905757581679872,0.4087932406767698,0.6661708204203055,249.51171875,0.08943026591040656,1
9.462528331141695e-05,0.9512936547044065,-2.169191239660746,2.5786884652889324,0.04993150134345481,-0.13240111793452192,-0.6984982766483427,4.747879704949678,2.2191227410042007,-1.3550323817182646,-0.7373425808801339,0.7708896303684423,1.166148551270218,2.994140625,0.6050186856607052,1
-0.0017747305530432522,0.8974892652903258,-1.6674248157631641,2.1768964787978473,-0.08811624943488801,0.2199356086393167,-0.9880610570750075,3.8443212945610115,1.5793085663282762,-1.1384279598581442,-0.7657266444747401,0.6869322017884913,1.237396874771218,0.998046875,0.5607157089658745,1
0.0028921599703216104,0.7350993159831141,-1.7055655573603279,1.748889630930552,0.041367637792512645,-0.06342869928571504,-0.723438583275064,3.45445518829088,1.7469331951528406,-1.001752254757063,-0.5812057567546773,0.579059725661508,0.963921321916469,176.654296875,0.1602890092424299,0
-0.0007016811323664954,1.0016913127163467,-2.2729721854322675,2.3227605569412555,-0.08201535893925292,0.11885500910792826,-0.7695190435654582,4.595732742373523,2.190956826493015,-1.2317956660291214,-0.7966197341221746,0.7876563105695489,1.4163973880320202,2.994140625,0.7184462091008509,1
0.00065092895002479,0.7327884741718306,-2.039623252295777,1.5430378245698824,0.022004263151149055,-0.1946694874783372,-0.42433363426079973,3.5826610768656595,2.061627515446926,-1.0133138854887678,-0.49885227289382694,0.5168844208962269,0.9342908825772034,59.8828125,0.24035260654958363,0
0.031337062511534786,0.7312714517671918,-2.7589623499490994,1.7877548772231375,-0.034405406076649506,0.14459781861926563,-0.6089400576371209,4.546717227172237,2.7245569438724497,-0.8356651127353061,-0.5741264910137748,0.629084231546656,1.0495284059227734,0.998046875,0.3367461061550539,1
0.005803855774131589,0.7432792864110888,-1.6542680854006468,1.9141852299381978,-0.03944779718967466,0.09946077638639553,-0.5770707448236485,3.5684533153388447,1.6148202882109721,-0.979884932423837,-0.5469679698066992,0.5340317328377397,1.0136794491170766,136.732421875,0.2898064297687653,1
-0.00538095458881842,0.7355641759056892,-2.1940264987825495,1.7298857503957827,0.013019414909794927,-0.08445511113189035,-0.6437694209747735,3.9239122491783323,2.2070459136923444,-1.008108548043536,-0.5145195113350604,0.5801346065473026,0.9552338374003513,158.689453125,0.26345863125992486,0
0.003955953812967372,0.9775264969720896,-1.7678499465056545,2.280571451370856,-0.06387704639738633,0.2614236211552277,-0.8507848188113569,4.048421397876511,1.7039729001082682,-1.2465716598310952,-0.7790205004862101,0.7877741241717802,1.2736978048751104,1.99609375,0.3501167890226032,1
-0.005890419359326315,0.9654535805399695,-1.9543421032230857,1.7665814906927957,-0.019141958009861224,-0.09981157048886362,-1.2258288876119834,3.7209235939158813,1.9352001452132244,-1.300665716162265,-0.9182594117135006,0.8263158682650706,1.2159036744313805,47.90625,0.7422650915717341,0
0.0007872575398072956,0.9287248910506629,-2.0620072520568815,1.8769081930529623,0.0070936521972921815,0.10113093483246242,-1.1892666283297089,3.938915445109844,2.0691009042541735,-1.2012396788816757,-0.8093946454795472,0.8112435295319933,1.2648823531319995,56.888671875,0.7308822785966328,0
0.0013810049098581176,0.9040217438851037,-2.0065681482730424,2.0706940606795667,0.022246950505277203,-0.03684895955203609,-1.0889959437163341,4.077262208952609,2.0288150987783196,-1.19522980933606,-0.7728336718299921,0.837503664492442,1.150076299542897,74.853515625,0.6733140056535316,0
0.0023870185799912784,0.6446823636461552,-1.8542255738018072,1.8457650837961117,0.006585595097824434,0.07722216900386927,-0.13545800833142785,3.699990657597919,1.8608111688996316,-0.7976652693982136,-0.4526307947172285,0.4209063329693581,0.802959346502678,236.537109375,0.07886237772589275,0
0.024132352329262967,0.8626612150739156,-2.137443600255913,1.7822587369440372,-0.12733986251367174,0.1761012761076978,-1.0461222547424713,3.9197023371999506,2.0101037377422415,-1.02795757080583,-0.7205198019277911,0.7794137993445186,1.228956846787992,75.8515625,0.5118006342058212,1
0.15742219028649052,0.6478422175512184,-1.8187314602345004,1.9526421320635263,0.2599637542882727,-0.5672089426881544,1.0689035306196848,3.7713735922980267,2.078695214522773,-0.8581213386773668,-0.029969120798305368,0.42911557079063584,0.7695522977233933,76.849609375,0.10834002568373403,0
0.0020038875714908713,0.6640196090616346,-1.6675830840783423,1.958861766404535,0.014945746460084262,-0.05949173572367784,-0.1483060468362738,3.6264448504828772,1.6825288305384265,-0.8485046722138596,-0.42968155695461824,0.43456300811939597,0.8884011852157908,159.6875,0.10818702860337497,0
-0.0032782673162093656,0.6552232804198712,-1.6289631454968947,1.736225981340037,0.030910699198454898,-0.053702740267633185,-0.33571540402992106,3.3651891268369316,1.6598738446953496,-0.9497195639176808,-0.45185296931199964,0.4421466412277697,0.823039326460131,243.5234375,0.11047270164324291,0
-0.0038280504974077395,0.8055204200247352,-1.7801592561176915,1.6034007222213782,-0.01633354019817533,0.002907565340859821,-1.1750048636187913,3.3835599783390697,1.7638257159195163,-1.0814971911140978,-0.6658364318343115,0.7101584555060749,1.0575419769351844,131.7421875,0.4972665373539761,0
-0.006474058025000312,0.7543421077108251,-2.33334778063539,1.9131703445600927,0.027946169230193753,-0.2929231171858876,-0.020929015752927604,4.246518125195482,2.361293949865584,-0.9878396815533688,-0.4775388055953909,0.5283252139782336,0.921363651376933,1.99609375,0.21876861927283922,1
0.014793823414731962,0.645374307457461,-1.6281006526667865,2.124742081366107,0.01363919084051829,0.15110479087570286,-0.11446646428114748,3.7528427340328934,1.6417398435073047,-0.7872027765580761,-0.4425540026336884,0.42842157401552483,0.8396748295965542,241.52734375,0.0765211879439539,1
-0.10509536455920808,0.9187606899227114,-2.2694478922999877,2.0758001084581954,-0.2225417802076835,0.12135965560719668,-0.5449068417245195,4.345248000758183,2.046906112092304,-1.2285027698050228,-0.744974744160066,0.6100041736816171,1.1952533453876204,3.9921875,0.5212624893451165,1
-0.009651883065428912,0.7344286345797932,-2.5204338256092966,1.8351817295436044,-0.07877105586133078,0.0003260536367484974,-0.2479654844110506,4.355615555152901,2.441662769747966,-0.840535953854043,-0.5578599290003983,0.5735561990361531,0.9456376170210657,0.998046875,0.10693974446988937,1
-0.014753159836381508,0.912160880674253,-2.1459340425259223,2.0491735226705243,0.044656462758330934,0.1379513738334131,-1.0600786701263318,4.195107565196446,2.1905905052842534,-1.1583830193908453,-0.8367855736865497,0.6875279277642297,1.1983105388174067,1.99609375,0.5426491451399736,1
0.007830428449933202,0.9406825793495975,-2.302079605117828,2.1626100322484447,0.03916172971104667,0.19301125608536476,-0.6747657020885076,4.464689637366273,2.3412413348288745,-1.15973343649172,-0.7358049208225127,0.6541853728748181,1.37264282295076,2.994140625,0.3062773090760364,1
-0.023944120640876483,0.4902917626497939,-1.968701152000755,1.3731156169925602,-0.033788358014498115,0.0016538800404120222,0.045791457412695635,3.341816768993315,1.9349127939862567,-0.6645479304389812,-0.3650426259891129,0.310361542933101,0.621255898226171,107.7890625,0.03409448583287768,1
0.001990052864103087,0.9952160457876084,-2.920409244007202,1.8755639134623272,0.0375955705600083,-0.4463470662960825,-0.20362956282786948,4.795973157469529,2.95800481456721,-1.2391537460356556,-0.7045476812641359,0.8309871065522649,1.2225404194997396,2.994140625,0.7816504700563204,1
-0.13824117889795162,0.8195109040602516,-3.1199292240798324,1.9557015119691534,-0.21813626124817803,-0.10662080007821931,0.5923409610567192,5.075630736048986,2.9017929628316543,-0.9577289124286825,-0.6810497180931911,0.35330482744044245,0.999502478305265,4.990234375,0.3140480810742205,1
0.03104593087000261,0.5426394747220112,-1.1035964951376165,1.7822856537272584,-0.029687847304858375,0.4332339296019024,-0.3140328791081797,2.8858821488648747,1.0739086478327582,-0.6198379268184704,-0.37743431489242896,0.41896627709971457,0.7720571461083403,0.998046875,0.08989046559346182,0
-0.004755140638467992,0.8354295234134596,-1.7716514737369902,1.6471020891196173,0.041258965451668184,-0.06450967119002943,-1.22384050839623,3.4187535628566073,1.8129104391886584,-1.105414903091856,-0.7442235075186283,0.7380712107236583,1.0707517609227652,124.755859375,0.3000306599839566,0
0.03767920470043899,0.6988298201002584,-1.443366730584836,1.7964557330011046,-0.01702113662555887,0.10499377750419789,-0.6844843471282531,3.2398224635859405,1.4263455939592773,-0.8630124124926573,-0.43868792161576753,0.5753383279336086,0.9894916956230065,0.998046875,0.06602736310628614,0
-0.14600139853564567,0.516003237082865,-2.450156289984004,2.007384762932915,-0.22723607990614467,0.51247711125119,4.973076285886142,4.45754105291692,2.2229202100778593,-0.3465265300179157,-0.22723607990614467,-0.20037487989455263,0.3422900992054687,11.9765625,0.05001086116201518,1
-0.0021878541297839877,0.6339812764196027,-2.168827141035346,1.9004568228741139,0.016898854152598057,-0.02550447938830492,0.3305056405166935,4.069283963909459,2.1857259951879437,-0.7916326892771018,-0.3938754816163914,0.3736545892965717,0.8375845932181535,166.673828125,0.25298580852048724,0
0.03587628135104384,0.7893285363504056,-1.6282936589816244,1.701101720016167,0.03634512129364115,0.0971861918965751,-0.8617927155434124,3.3293953789977913,1.6646387802752656,-1.0202389556946914,-0.5689810360229461,0.645801358078763,1.163194163066512,0.998046875,0.3159650112018556,0
0.006889698306493068,0.7634170240477347,-1.9123997450821602,2.2022676909353494,-0.03289095530110554,0.028638044490512115,-0.25523364354395195,4.114667436017509,1.8795087897810545,-1.0374400997551525,-0.4200730636381948,0.5028378205573545,1.1142969738474853,104.794921875,0.23255729410145454,0
0.0018214017802036311,0.8816477639196599,-1.8708411560176814,2.0496774673539506,-0.06170303584083346,0.18161250853702723,-0.9929729040417841,3.920518623371632,1.809138120176848,-1.107383219160519,-0.7711812553886246,0.6811736165556459,1.2750078519931158,35.9296875,0.5641508642101878,0
0.003518543331148649,0.8842101752976491,-1.8316170342054199,1.7463226863057064,-0.03911828936750839,0.021441589938120963,-1.1977624654353833,3.577939720511126,1.7924987448379115,-1.2039775316762114,-0.7670232544656779,0.7869754081279935,1.182101773056659,0.998046875,0.5120186001482323,0
0.006069512319957671,0.7145674170778247,-2.1205142700871127,1.8998914913496654,0.021687684900944804,-0.022369223211008104,-0.5569264734869903,4.020405761436778,2.1422019549880575,-0.9166276301998076,-0.5942192757022378,0.5421724144663183,0.9395930453072677,0.998046875,0.12798766772211223,0
-0.005173171050031539,0.7225023991663347,-2.0927020033924713,1.9320981663047077,0.0377906719666786,0.00565635662584761,-0.7304475958764005,4.024800169697179,2.1304926753591498,-0.9537643315121405,-0.586013605975503,0.5674082503513698,0.9684620599213215,1.99609375,0.21344326471584374,0
0.0049352856192971944,0.7146527446748031,-1.8749555039776937,1.8861948092265655,-0.0270142442059158,0.05497905970302523,-0.39810678674426514,3.761150313204259,1.847941259771778,-0.9065981660261667,-0.5185734332365511,0.4843004294087703,0.9329925174628306,140.724609375,0.2592835781034589,0
-0.0017209424571115895,0.5771597743117486,-1.62156856141394,1.936584763906504,0.011106581352837031,0.016893845565311223,-0.15756536168987356,3.558153325320444,1.632675142766777,-0.7503844636517321,-0.405202401424803,0.4003471430714901,0.7083171294362581,82.837890625,0.03150917968615355,0
-0.36281751645748794,0.7163317377106906,-2.4615676484709175,2.015150212869394,-0.7420947246000892,1.0851277384871116,0.4500237897645043,4.476717861340312,1.7194729238708284,-0.7420947246000892,-0.7420947246000892,0.18286699245953653,0.6671874123158168,0.998046875,0.1753262717952795,1
-0.023951060355683534,0.9328900963375021,-2.2387040544843178,2.227312004558204,-0.18064323262299703,0.24261535108163618,-0.6782873747272866,4.466016059042522,2.0580608218613206,-1.16957848592793,-0.7432728353708472,0.6766380987612759,1.306166443106447,2.994140625,0.3057285594369327,1
0.06894431375839594,0.7238156321428995,-2.4842574824864814,1.690928299587407,0.15046142496251355,-0.19734234415111065,-0.7684761571793182,4.175185782073888,2.634718907448995,-0.9354091465191989,-0.5312741762821727,0.6552684224051194,0.9680960516513196,0.998046875,0.4200971477167847,1
0.006861142385640777,0.9477448339512388,-2.0213798338520075,2.026817958973443,0.049580388919997914,-0.0654138973823428,-1.0861018089081969,4.048197792825451,2.070960222772005,-1.298257768699958,-0.7973278337530593,0.8174088796014312,1.249862464065517,68.865234375,0.5855263138555065,0
-0.003085875744705785,0.8806318769767086,-1.8931270682860997,2.0956554586728053,0.028608270453924414,-0.00048089982517739534,-0.7173932715038291,3.988782526958905,1.921735338740024,-1.3084599202727505,-0.6798998628511015,0.6313047063356545,1.1970141964422272,63.875,0.3474326756920171,0
0.01454007255626668,0.5066347760077758,-1.0335939213972252,1.3607259329087,0.03363288217982312,0.09443206101611287,-0.5933232741789407,2.394319854305925,1.0672268035770482,-0.6774268597516456,-0.36883738214402423,0.3858728680020051,0.6583751874453249,42.916015625,0.10226150008777111,1
-0.007552242158360034,0.8509201145918956,-1.8635755421351659,1.7593719568104484,-0.03303073632672697,-0.0331160196429019,-0.9436747836754771,3.6229474989456145,1.8305448058084388,-1.1871028216647483,-0.6355554326755747,0.6832771708826526,1.1648699264856914,0.998046875,0.3446358839159705,0
-0.002737342999114739,0.751463674445193,-1.924916328225076,2.0563269997959663,-0.03383659846489527,-0.049636507941109666,-0.3650538551495601,3.9812433280210424,1.891079729760181,-1.0130057820056386,-0.48749054355682553,0.5315817703464791,1.0097488362121627,142.720703125,0.16359872743726153,0
0.005505729797094808,0.76229996994545,-2.198904456771479,1.915637901909,-0.004282119149896985,0.09038632510161738,-0.6789246909924587,4.114542358680479,2.194622337621582,-0.9101884476606013,-0.647268462521672,0.5891346011578593,1.035817621084972,28.943359375,0.25349449373185795,1
0.2698597102110065,0.8288622888526536,-2.0458894596844748,2.2638360271530216,0.8531161627519115,-0.6462572232129452,-1.0964676086771756,4.309725486837497,2.8990056224363863,-0.7821818594364495,-0.7821818594364495,0.8531161627519115,0.8531161627519115,0.998046875,0.34930916259809536,0
-0.0037756768991794817,0.7982064990391982,-1.6387801256908314,1.5610456118962412,0.03150675751343682,-0.04627600013935005,-1.0339900550681826,3.199825737587073,1.6702868832042683,-1.1005931053292042,-0.6671776224788978,0.6721792097083861,1.0553621321440885,146.712890625,0.1981295261988305,0
-0.0014943122609136147,0.9144193255518911,-1.9838630039001417,1.9476396563473841,0.05448828695485762,-0.04276247124947604,-1.1606600492927843,3.931502660247526,2.038351290854999,-1.2479184988476586,-0.8181717509626529,0.8358520886779939,1.166794615938989,61.87890625,0.7133760539209567,0
-0.03510375498378748,0.4693616292847619,-2.4356910452262555,1.4488366983495964,-0.05197977932493705,-0.10456726617855339,1.1749845936823498,3.884527743575852,2.383711265901318,-0.594082879283908,-0.3367353241954537,0.25750136013281827,0.5811206619062405,0.998046875,0.055130823401605536,1
-0.011605075553588674,0.7364426682591895,-1.860651797562877,1.4623255962790842,-0.011665400266439611,-0.029175428387362264,-0.9098632934573958,3.322977393841961,1.8489863972964373,-0.9253454415059643,-0.603445221947617,0.6026950274202523,1.0118984591138567,12.974609375,0.41591324357842013,0
0.45120596986169,0.4775981614543033,-1.947170731198335,1.6860209254553828,0.5802157374690655,-2.547038579122531,8.630810780268245,3.633191656653718,2.527386468667401,0.19915910213457338,0.4696450152576799,0.5802157374690655,0.5802157374690655,15.96875,0.028593345457042327,0
0.010258728230424674,0.9072652290484435,-1.648771272639819,1.938143343982538,-0.022913666015780515,0.028772196385154797,-1.28191895268151,3.586914616622357,1.6258576066240384,-1.2176976512380184,-0.8171217686928822,0.8226997748280622,1.2045612678883333,0.998046875,0.6246420175148898,0
-0.004854312577878217,0.7363683984149106,-1.9055242405955348,2.1358644225366414,-0.028768861229647856,0.12627681038188024,-0.5243845547266881,4.041388663132176,1.8767553793658869,-0.9235727525175039,-0.5221551426914542,0.5256224854645108,1.0230685737764382,164.677734375,0.18395961088268617,1
-0.014547081480779128,0.9681535562642156,-3.1231943473435573,2.246143208832062,-0.1486829799057116,-0.23646583979371225,-0.014888683903829136,5.369337556175619,2.9745113674378456,-1.063704179346814,-0.7243212336937025,0.7627903379529553,1.2869134613426891,2.994140625,0.582437822180644,1
0.00036278466444007035,0.6434090206383687,-2.0437876619261948,2.196817888117714,0.01419545858465749,-0.2041176269304351,0.12063704231489414,4.240605550043909,2.057983120510852,-0.797910979872887,-0.46557787117588867,0.47699990157351935,0.7888471920178943,26.947265625,0.08666180684913084,0
0.00767399353042687,0.6387512417402924,-1.7802738324349057,2.190178344305791,-0.015257168973997703,0.07446348643729213,-0.04355743138224977,3.9704521767406966,1.765016663460908,-0.8065846767234778,-0.42049092005638355,0.4088325811251288,0.8668183210432537,202.603515625,0.09276822865182295,0
0.0031532135231275606,0.8764523759368132,-1.868822851393349,2.0688914052140763,-0.030183684347327842,0.04350273777918554,-1.045766057188528,3.9377142566074252,1.8386391670460212,-1.0757067555766902,-0.7623365901143423,0.7750944901996891,1.1445393738212222,29.94140625,0.5176896969882302,0
-0.10902468643626374,0.813712901628215,-1.806924811123159,2.134862946551111,-0.20983202051941685,0.4940623004584739,-0.201664951316201,3.9417877576742697,1.5970927906037422,-1.0216301921795767,-0.7090732098092032,0.35927139362705107,1.0923334942368725,4.990234375,0.32229714167812273,1
-0.03392863288048982,0.39034187808393905,-1.9146491178257843,1.8188528967058766,-0.23946573727072185,0.09653712467449373,3.3267547095458783,3.733502014531661,1.6751833805550624,-0.23946573727072185,-0.23946573727072185,0.39665151310834,0.39665151310834,0.998046875,0.05762950682449213,1
0.04934388252343698,0.6595207072137578,-2.908625389168612,1.5797385079534472,0.03421485287525201,-0.4349877147508378,1.7613098384954569,4.488363897122059,2.942840242043864,-0.699759922490917,-0.33415940910556385,0.4507186346791107,0.8854420850089554,102.798828125,0.2266597802832543,1
0.009655859824969852,0.6850156947742297,-2.4411810687633424,2.0205102119089706,0.0031393113065957927,-0.10097744646774007,0.4245787034486681,4.461691280672313,2.444320380069938,-0.8037725512688633,-0.4230870282919861,0.4632292599839162,0.8435594156995251,222.564453125,0.100704587002153,1
0.0019558268573962555,0.7572220645665928,-1.9166215747143307,2.164444172446896,0.024044424308338953,0.05938730282284007,-0.3632615952409073,4.081065747161227,1.9406659990226696,-0.9888448148260947,-0.5053910052359042,0.5312508261890774,1.016415509991736,158.689453125,0.1629013112206006,1
0.0026282968771055336,0.6359956557701321,-1.7681684773434783,2.3144131705257958,-0.00015805322683082811,0.1110299064344695,-0.24128152485368126,4.082581647869274,1.7680104241166474,-0.7824001687060783,-0.48085374324780467,0.46948555267241543,0.835993240197756,214.580078125,0.04965804758703091,0
0.019049409851513044,0.7713255109905414,-2.510868785660459,1.7156945248143365,0.0325760990833959,-0.3249804069509418,-0.24805704984381638,4.226563310474795,2.5434448847438547,-1.0032968803996989,-0.5306239038619933,0.6673283001617067,0.9542364981335578,0.998046875,0.2368602741688086,1
0.43812209608296887,0.2224841972522356,-1.0127153013218486,1.6734698907432193,0.5310676749022365,-2.4426040497548356,13.184698604794704,2.686185192065068,1.5437829762240851,0.121498911146102,0.5310676749022365,0.5310676749022365,0.5310676749022365,0.998046875,0.014726965396109017,1
0.033812995841625136,0.6691588459304729,-1.8198525542789041,1.7990990593028404,0.02420202950801098,-0.026468407747458303,-0.49589859438635164,3.6189516135817446,1.8440545837869151,-0.7964214417483071,-0.4671620616741337,0.5570956422242682,0.8615602823895642,98.806640625,0.24976388679529185,1
-0.01962138251833087,0.9620766345918936,-1.9384337424866267,2.137974522936285,-0.07239129765843844,0.061432794778280446,-1.1656077450745326,4.076408265422912,1.8660424448281883,-1.2680758439818927,-0.8632710580104693,0.8448545143434271,1.2811748809952501,1.99609375,0.6402239169110907,1
0.002928675794121316,0.6828170896331542,-2.3783394176725423,1.586827137673252,0.0490185691907687,-0.4991519387468229,0.6140797019374844,3.965166555345794,2.427357986863311,-0.9361418187883745,-0.33653175207354,0.41389974185067196,0.8547679540724368,0.998046875,0.0631696744081553,1
-0.008766976251425002,0.9564156832991075,-1.9147775170254766,2.238912741262854,-0.08080999835297475,0.04167410824972943,-1.1191903776468388,4.15369025828833,1.8339675186725017,-1.217883549500747,-0.8553112961617897,0.8542690345392628,1.273550335914564,1.99609375,0.7057471773881739,0
-0.5194001857364481,1.009721871208942,-1.9770128782562932,1.974672504700837,-1.262756353351864,0.7634310246027924,-1.1726137686681022,3.9516853829571303,0.7142565249044293,-1.262756353351864,-1.262756353351864,0.8911457557117968,0.8911457557117968,0.998046875,0.5555410110362125,0
0.0027590110605625546,0.9543572401542452,-1.9032191837344123,1.9179100231173407,-0.014549599529075453,0.03626208144258087,-1.0449778550471929,3.821129206851753,1.888669584205337,-1.269309180889784,-0.7957215048028803,0.7743727678335866,1.310456273585748,59.8828125,0.4202250496617586,0
0.012925142056466655,0.9022885953597551,-2.100028612914818,1.9882717604744593,-0.003601928414091321,0.004854631145719654,-1.0986111791712563,4.088300373389277,2.096426684500727,-1.1523757480763286,-0.7592358382458819,0.8360785889874691,1.1526521321025442,82.837890625,0.5313387939237236,0
-0.02303426924135618,0.702322720923329,-1.709555274938507,1.5195461979372984,0.10607490816335366,-0.2993812163795717,-0.6059693686582355,3.229101472875805,1.8156301831018606,-1.0529848544142995,-0.5474129040966745,0.48014505832783366,0.8152512020256225,0.998046875,0.20265323466907761,0
0.005981358350144517,0.7975313795304129,-1.966605937991601,2.373710674212633,0.008529800278288173,0.01842276151932201,-0.6530782540881668,4.340316612204234,1.975135738269889,-1.0625771425302817,-0.6091966068277981,0.6332773959389475,1.066428240378164,34.931640625,0.11142838771316879,0
-0.016646605056932745,0.922040403842668,-2.420510503757379,2.0866007342543966,-0.13685373820626578,0.13032728044397235,-0.9881783804219868,4.507111238011776,2.2836567655511133,-1.1768788543542739,-0.7624371869417697,0.823047992241024,1.2462403897171264,0.998046875,0.5631870646651279,1
-0.21518839713425786,0.5941288572260051,-3.077079189810843,1.8698805367442382,-0.3482538659356786,-0.10465967849974694,5.479559765259323,4.946959726555081,2.7288253238751645,-0.4377317666433537,-0.3482538659356786,-0.3482538659356786,0.6644441248513233,8.982421875,0.07910409057920914,1
0.07596031234841258,0.7798751780611591,-1.8897512015409288,2.409785167880228,-0.07419765229286897,0.16412527617090786,0.1552979339827445,4.299536369421157,1.81555354924806,-0.9941666457920512,-0.3360846596711654,0.4771816979751326,1.0782794668018758,4.990234375,0.1987602595966187,1
-0.037863393270947246,0.7499334588997804,-1.8665556962693706,2.1867783737716717,-0.11032976937216138,0.38036807757638275,-0.3575773507703017,4.053334070041043,1.7562259268972091,-0.9641503034426621,-0.6244246776255037,0.49914611984103213,1.0289919044084552,85.83203125,0.14940368378966368,1
-0.022235964988401996,0.8856506444051961,-2.067602508182396,2.31478566760103,-0.07238084663626401,0.21304259643388632,-0.9685092217992302,4.382388175783426,1.995221661546132,-1.155440196483451,-0.7540261311544405,0.725560674072572,1.1798011170952498,0.998046875,0.4282821319486151,1
0.031912732744791075,0.7807296427535754,-1.7408711553486782,2.0980746076657146,0.0009258743764182734,0.047458131198870476,-0.9165608738375188,3.838945763014393,1.7417970297250964,-0.9617679167272971,-0.6309238892833879,0.6935226905449279,1.060340277308475,0.998046875,0.30711638731870244,1
0.0011272972577320572,0.7470337411693566,-2.55441127307761,1.656841827958939,0.04678026423850374,-0.4564138051209074,0.12456364093224037,4.211253101036549,2.6011915373161134,-0.9625911302069726,-0.4646272422378359,0.5326534597828861,0.9031474424609668,123.7578125,0.19159407010416607,1
-0.01521179613718971,0.6770096959267542,-2.545412386853316,2.1342291850242074,0.041143611787794326,-0.03463601222160011,0.2704837035015113,4.679641571877523,2.58655599864111,-0.9153867367290641,-0.4845380203683924,0.4096988868041387,0.8283629232819194,199.609375,0.0735543209953745,1
-0.014340791356616103,0.9110890283326742,-2.1325806238541856,2.1748033006336804,-0.07081141971442159,0.21335785326266335,-0.6819152552502068,4.307383924487866,2.061769204139764,-1.172340233595007,-0.6952268212832199,0.6140305309210049,1.292829828067488,3.9921875,0.4956446374208482,1
0.058444892526091745,0.552371670152671,-2.852719988311474,1.8583038957539428,0.079360346572518,-1.1648906268971566,7.079701196574039,4.711023884065417,2.932080334883992,-0.32231621885540424,-0.09585037455630471,0.2531079301553798,0.49509211678786513,9.98046875,0.06640436135505454,1
-0.030447244303191817,0.8252908771849584,-2.2345568835261056,1.9872909479253877,-0.1272743823281573,0.1588751080537151,-0.8082407750852805,4.221847831451493,2.107282501197948,-1.0678803418676333,-0.6900455847197053,0.6823663511513928,1.0916438899739578,0.998046875,0.45362184726272653,1
0.18584334710574274,0.5546791177111383,-2.0399715596655743,1.890839478197255,0.4565215396980096,-0.8980292833375756,2.89176423793489,3.9308110378628296,2.496493099363584,-0.3126222411626656,-0.10122356586312677,0.4565215396980096,0.4565215396980096,11.9765625,0.05738019372179978,1
-0.010648438319123817,0.852566129618125,-2.925163332467882,1.5157493930507322,0.060116038823036955,-0.5832957810080436,0.2057679192944133,4.440912725518614,2.985279371290919,-1.0083371761384097,-0.619074201054842,0.651992838803492,1.0609787155284145,103.796875,0.41529594449240936,1
0.013424474786343593,0.5639877350326398,-1.8715041881413819,1.7283745821859058,0.027999982294619405,-0.15859663232494298,0.35575407725956243,3.5998787703272876,1.8995041704360012,-0.7594971099782818,-0.31843988938907375,0.3976794854732295,0.6809982428438941,34.931640625,0.035402844480830815,1
